order_id,order_date,customer_region,sales_channel,order_status,order_item_id,product_id,quantity,unit_price,discount_amount,sku,product_name,category,standard_cost,selling_price,supplier_id,active_flag,revenue,total_cost,gross_profit
1001,2026-01-23,East,Amazon,Shipped,1,45,7,184.44,0.0,SKU-0045,Home Product 45,HOM,48.09,184.44,2,N,1291.08,336.63,954.45
1002,2026-03-18,West,Amazon,Delivered,2,73,8,134.83,14.85,SKU-0073,Sports Product 73,SPO,27.28,134.83,7,N,1063.7900000000002,218.24,845.5500000000002
1002,2026-03-18,West,Amazon,Delivered,3,35,8,46.14,0.0,SKU-0035,Office Product 35,OFFICE,145.1,46.14,4,N,369.12,1160.8,-791.68
1002,2026-03-18,West,Amazon,Delivered,4,85,3,163.57,0.0,SKU-0085,Beauty Product 85,BEAUTY,139.02,163.57,4,Y,490.71,417.06000000000006,73.64999999999992
1003,2026-04-14,South,Amazon,Backordered,5,103,2,241.92,0.0,SKU-0103,Sports Product 103,SPO,145.97,241.92,1,Y,483.84,291.94,191.9
1004,2026-03-19,West,Shopify,Delivered,6,67,6,291.56,0.0,SKU-0067,Kitchen Product 67,Kitchen,25.18,291.56,3,Y,1749.36,151.07999999999998,1598.2800000000002
1005,2026-03-17,East,Amazon,Cancelled,7,35,8,46.14,0.0,SKU-0035,Office Product 35,OFFICE,145.1,46.14,4,N,369.12,1160.8,-791.68
1005,2026-03-17,East,Amazon,Cancelled,8,107,8,223.34,0.0,SKU-0107,Pet Product 107, Pet ,81.23,223.34,5,Y,1786.72,649.84,1136.88
1006,2026-01-21,West,Walmart,Delivered,9,20,2,168.04,0.0,SKU-0020,Electronics Product 20,Electronics,124.3,168.04,5,Unknown,336.08,248.6,87.47999999999999
1006,2026-01-21,West,Walmart,Delivered,10,147,3,133.41,3.3,SKU-0147,Sports Product 147,SPO,128.45,133.41,8,N,396.93,385.35,11.58000000000004
1006,2026-01-21,West,Walmart,Delivered,11,30,4,35.23,11.04,SKU-0030,Beauty Product 30,BEA,43.54,35.23,1,N,129.88,174.16,-44.28
1007,2026-01-15,Unknown,Walmart,Delivered,12,6,7,256.54,0.0,SKU-0006,Home Product 6, Home ,21.93,256.54,5,Unknown,1795.7800000000002,153.51,1642.2700000000002
1007,2026-01-15,Unknown,Walmart,Delivered,13,56,2,172.23,0.0,SKU-0056,Sports Product 56,sports,134.72,172.23,7,Y,344.46,269.44,75.01999999999998
1007,2026-01-15,Unknown,Walmart,Delivered,14,17,1,299.3,0.0,SKU-0017,Office Product 17,OFFICE,43.38,299.3,8,Y,299.3,43.38,255.92
1008,2026-04-08,Midwest,Walmart,Backordered,15,139,3,156.21,0.0,SKU-0139,Toys Product 139,TOYS,77.04,156.21,7,Unknown,468.63,231.12,237.51
1009,2026-03-18,Unknown,Shopify,Backordered,16,137,7,181.82,0.0,SKU-0137,Pet Product 137,PET,36.76,181.82,8,Y,1272.74,257.32,1015.42
1009,2026-03-18,Unknown,Shopify,Backordered,17,118,6,55.68,0.0,SKU-0118,Beauty Product 118,BEAUTY,44.81,0.0,3,Y,334.08,268.86,65.21999999999997
1009,2026-03-18,Unknown,Shopify,Backordered,18,9,7,235.32,0.0,SKU-0009,Home Product 9,Home,120.72,235.32,2,Unknown,1647.24,845.04,802.2
1009,2026-03-18,Unknown,Shopify,Backordered,19,62,4,109.67,0.0,SKU-0062,Electronics Product 62,electronics,133.9,109.67,7,Unknown,438.68,535.6,-96.92000000000002
1010,2026-02-25,West,Shopify,Delivered,20,60,6,115.8,0.0,SKU-0060,Beauty Product 60,beauty,121.71,115.8,7,Y,694.8,730.26,-35.46000000000004
1010,2026-02-25,West,Shopify,Delivered,21,61,5,293.22,0.0,SKU-0061,Toys Product 61,toys,156.31,293.22,3,N,1466.1,781.55,684.5500000000002
1010,2026-02-25,West,Shopify,Delivered,22,106,5,65.2,0.0,SKU-0106,Toys Product 106, Toys ,64.54,65.2,5,Y,326.0,322.70000000000005,3.2999999999999545
1011,2026-03-23,Midwest,Walmart,Shipped,23,77,7,195.39,3.57,SKU-0077,Home Product 77,HOME,95.2,195.39,6,Y,1364.16,666.4,697.7600000000001
1011,2026-03-23,Midwest,Walmart,Shipped,24,62,4,109.67,0.0,SKU-0062,Electronics Product 62,electronics,133.9,109.67,7,Unknown,438.68,535.6,-96.92000000000002
1012,2026-03-04,South,Shopify,Cancelled,25,116,6,211.7,0.0,SKU-0116,Home Product 116,HOM,171.4,211.7,4,N,1270.1999999999998,1028.4,241.79999999999973
1013,2026-02-23,West,Ebay,Cancelled,26,49,2,280.98,11.46,SKU-0049,Beauty Product 49,BEA,51.41,280.98,2,N,550.5,102.82,447.68
1013,2026-02-23,West,Ebay,Cancelled,27,63,4,214.86,0.0,SKU-0063,Beauty Product 63,BEAUTY,32.86,214.86,7,Unknown,859.44,131.44,728.0
1014,2026-03-14,West,Walmart,Backordered,28,79,5,234.02,6.04,SKU-0079,Beauty Product 79, Beauty ,111.97,234.02,8,N,1164.0600000000002,559.85,604.2100000000002
1014,2026-03-14,West,Walmart,Backordered,29,120,2,229.55,12.24,SKU-0120,Sports Product 120,sports,116.63,229.55,2,Unknown,446.86,233.26,213.6
1014,2026-03-14,West,Walmart,Backordered,30,82,4,243.4,6.19,SKU-0082,Beauty Product 82,Beauty,84.88,243.4,6,Unknown,967.41,339.52,627.89
1015,2026-02-09,East,Ebay,Shipped,31,146,4,199.6,0.0,SKU-0146,Home Product 146, Home ,170.74,199.6,3,N,798.4,682.96,115.43999999999994
1015,2026-02-09,East,Ebay,Shipped,32,66,8,94.55,14.53,SKU-0066,Sports Product 66,Sports,174.21,94.55,7,N,741.87,1393.68,-651.8100000000001
1015,2026-02-09,East,Ebay,Shipped,33,118,3,188.54,0.0,SKU-0118,Beauty Product 118,BEAUTY,44.81,0.0,3,Y,565.62,134.43,431.19
1015,2026-02-09,East,Ebay,Shipped,34,140,8,86.93,0.0,SKU-0140,Electronics Product 140, Electronics ,20.41,86.93,2,Unknown,695.44,163.28,532.1600000000001
1016,2026-03-01,East,Shopify,Delivered,35,56,8,172.23,6.22,SKU-0056,Sports Product 56,sports,134.72,172.23,7,Y,1371.62,1077.76,293.8599999999999
1017,2026-03-12,West,Ebay,Delivered,36,46,2,219.11,0.0,SKU-0046,Kitchen Product 46,KITCHEN,40.75,219.11,4,Y,438.22,81.5,356.72
1017,2026-03-12,West,Ebay,Delivered,37,62,4,109.67,0.0,SKU-0062,Electronics Product 62,electronics,133.9,109.67,7,Unknown,438.68,535.6,-96.92000000000002
1017,2026-03-12,West,Ebay,Delivered,38,91,5,170.65,0.0,SKU-0091,Office Product 91,OFF,135.82,170.65,4,N,853.25,679.0999999999999,174.1500000000001
1017,2026-03-12,West,Ebay,Delivered,39,96,7,252.1,0.0,SKU-0096,Office Product 96,OFFICE,136.6,252.1,5,Unknown,1764.7,956.2,808.5000000000001
1018,2026-04-08,Midwest,Amazon,Backordered,40,3,3,22.56,2.16,SKU-0003,Beauty Product 3,beauty,93.44,22.56,4,N,65.52,280.32,-214.8
1019,2026-02-24,Midwest,Amazon,Shipped,41,12,2,61.57,0.0,SKU-0012,Toys Product 12,TOY,132.6,61.57,7,Y,123.14,265.2,-142.06
1019,2026-02-24,Midwest,Amazon,Shipped,42,140,1,86.93,0.0,SKU-0140,Electronics Product 140, Electronics ,20.41,86.93,2,Unknown,86.93,20.41,66.52000000000001
1019,2026-02-24,Midwest,Amazon,Shipped,43,5,4,59.31,9.22,SKU-0005,Toys Product 5, Toys ,64.54,59.31,6,Y,228.02,258.16,-30.14000000000001
1020,2026-02-05,West,Shopify,Shipped,44,14,2,33.86,0.0,SKU-0014,Electronics Product 14,ELECTRONICS,75.2,33.86,6,N,67.72,150.4,-82.68
1020,2026-02-05,West,Shopify,Shipped,45,88,7,109.3,0.0,SKU-0088,Beauty Product 88,Beauty,77.6,109.3,8,N,765.1,543.1999999999999,221.9000000000001
1020,2026-02-05,West,Shopify,Shipped,46,8,5,118.07,11.97,SKU-0008,Sports Product 8,SPO,159.95,118.07,4,N,578.3799999999999,799.75,-221.3700000000001
1021,2026-03-17,West,Shopify,Shipped,47,69,3,69.17,0.0,SKU-0069,Home Product 69, Home ,162.41,69.17,1,N,207.51,487.23,-279.72
1022,2026-02-03,Midwest,Shopify,Delivered,48,143,7,171.53,0.0,SKU-0143,Pet Product 143,Pet,40.62,171.53,5,N,1200.71,284.34,916.37
1022,2026-02-03,Midwest,Shopify,Delivered,49,91,2,170.65,0.0,SKU-0091,Office Product 91,OFF,135.82,170.65,4,N,341.3,271.64,69.66000000000003
1022,2026-02-03,Midwest,Shopify,Delivered,50,99,1,50.97,5.09,SKU-0099,Electronics Product 99,ELECT,31.67,50.97,2,Y,45.88,31.67,14.209999999999994
1022,2026-02-03,Midwest,Shopify,Delivered,51,22,4,159.69,0.0,SKU-0022,Sports Product 22,SPO,138.34,159.69,2,Unknown,638.76,553.36,85.39999999999998
1023,2026-02-12,Midwest,Ebay,Backordered,52,124,2,48.76,0.0,SKU-0124,Sports Product 124,Sports,178.94,48.76,7,Y,97.52,357.88,-260.36
1023,2026-02-12,Midwest,Ebay,Backordered,53,127,4,38.14,0.0,SKU-0127,Beauty Product 127,beauty,51.31,38.14,4,N,152.56,205.24,-52.68000000000001
1023,2026-02-12,Midwest,Ebay,Backordered,54,78,1,71.75,0.0,SKU-0078,Beauty Product 78,BEAUTY,44.31,71.75,1,Y,71.75,44.31,27.44
1024,2026-03-24,East,Shopify,Delivered,55,81,3,244.17,0.0,SKU-0081,Home Product 81, Home ,43.3,244.17,8,Y,732.51,129.89999999999998,602.61
1024,2026-03-24,East,Shopify,Delivered,56,75,8,180.3,0.0,SKU-0075,Sports Product 75,sports,80.23,180.3,6,N,1442.4,641.84,800.5600000000001
1024,2026-03-24,East,Shopify,Delivered,57,84,7,150.28,4.92,SKU-0084,Pet Product 84,pet,135.14,150.28,5,Unknown,1047.04,945.98,101.06000000000006
1024,2026-03-24,East,Shopify,Delivered,58,94,2,53.67,0.0,SKU-0094,Electronics Product 94,Electronics,117.48,53.67,8,N,107.34,234.96,-127.62
1025,2026-04-23,West,Shopify,Cancelled,59,128,3,143.39,0.0,SKU-0128,Home Product 128,home,5.47,143.39,8,Y,430.17,16.41,413.75999999999993
1025,2026-04-23,West,Shopify,Cancelled,60,65,3,203.11,11.01,SKU-0065,Sports Product 65,sports,44.01,203.11,7,Y,598.32,132.03,466.2900000000001
1025,2026-04-23,West,Shopify,Cancelled,61,19,8,298.89,14.87,SKU-0019,Home Product 19, Home ,71.78,298.89,5,Y,2376.25,574.24,1802.01
1025,2026-04-23,West,Shopify,Cancelled,62,150,7,100.09,8.48,SKU-0150,Sports Product 150,Sports,54.5,100.09,8,Unknown,692.15,381.5,310.65
1026,2026-04-03,West,Amazon,Shipped,63,28,4,206.43,0.0,SKU-0028,Beauty Product 28,BEAUTY,74.82,206.43,6,N,825.72,299.28,526.44
1027,2026-04-21,West,Amazon,Delivered,64,57,4,266.69,7.24,SKU-0057,Electronics Product 57,Electronics,18.17,266.69,3,Y,1059.52,72.68,986.84
1027,2026-04-21,West,Amazon,Delivered,65,119,3,27.97,0.0,SKU-0119,Electronics Product 119,ELECT,27.15,27.97,1,Y,83.91,81.44999999999999,2.460000000000008
1027,2026-04-21,West,Amazon,Delivered,66,124,2,48.76,0.0,SKU-0124,Sports Product 124,Sports,178.94,48.76,7,Y,97.52,357.88,-260.36
1028,2026-05-02,Unknown,Walmart,Delivered,67,82,2,243.4,0.0,SKU-0082,Beauty Product 82,Beauty,84.88,243.4,6,Unknown,486.8,169.76,317.04
1028,2026-05-02,Unknown,Walmart,Delivered,68,6,6,256.54,0.0,SKU-0006,Home Product 6, Home ,21.93,256.54,5,Unknown,1539.2400000000002,131.57999999999998,1407.6600000000003
1028,2026-05-02,Unknown,Walmart,Delivered,69,63,3,214.86,0.0,SKU-0063,Beauty Product 63,BEAUTY,32.86,214.86,7,Unknown,644.58,98.58,546.0
1028,2026-05-02,Unknown,Walmart,Delivered,70,144,7,194.56,0.0,SKU-0144,Pet Product 144,Pet,10.05,194.56,4,N,1361.92,70.35000000000001,1291.5700000000002
1029,2026-02-20,Midwest,Amazon,Backordered,71,2,4,135.25,0.0,SKU-0002,Home Product 2,HOM,20.21,135.25,1,Y,541.0,80.84,460.16
1029,2026-02-20,Midwest,Amazon,Backordered,72,148,2,124.32,0.0,SKU 0148,Beauty Product 148, Beauty ,101.47,124.32,3,Unknown,248.64,202.94,45.69999999999999
1029,2026-02-20,Midwest,Amazon,Backordered,73,94,6,53.67,0.0,SKU-0094,Electronics Product 94,Electronics,117.48,53.67,8,N,322.02,704.88,-382.86
1029,2026-02-20,Midwest,Amazon,Backordered,74,68,8,138.85,0.0,SKU-0068,Sports Product 68,Sports,23.97,138.85,6,N,1110.8,191.76,919.04
1030,2026-02-14,South,Shopify,Shipped,75,35,6,46.14,0.0,SKU-0035,Office Product 35,OFFICE,145.1,46.14,4,N,276.84000000000003,870.5999999999999,-593.7599999999999
1031,2026-04-09,Midwest,Shopify,Backordered,76,143,3,171.53,0.0,SKU-0143,Pet Product 143,Pet,40.62,171.53,5,N,514.59,121.86,392.73
1031,2026-04-09,Midwest,Shopify,Backordered,77,48,6,299.56,0.0,SKU-0048,Home Product 48,Home,85.2,299.56,2,Y,1797.36,511.2000000000001,1286.16
1032,2026-05-06,Midwest,Shopify,Backordered,78,43,2,277.03,0.0,SKU-0043,Electronics Product 43,ELECT,88.44,277.03,3,Y,554.06,176.88,377.18
1032,2026-05-06,Midwest,Shopify,Backordered,79,75,1,180.3,0.0,SKU-0075,Sports Product 75,sports,80.23,180.3,6,N,180.3,80.23,100.07
1032,2026-05-06,Midwest,Shopify,Backordered,80,44,8,34.37,8.92,SKU-0044,Home Product 44,home,16.99,34.37,4,N,266.04,135.92,130.11999999999998
1032,2026-05-06,Midwest,Shopify,Backordered,81,141,2,15.33,0.0,SKU-0141,Office Product 141,OFF,149.36,15.33,8,N,30.66,298.72,-268.06
1033,2026-02-25,Unknown,Amazon,Backordered,82,77,1,195.39,0.0,SKU-0077,Home Product 77,HOME,95.2,195.39,6,Y,195.39,95.2,100.18999999999998
1033,2026-02-25,Unknown,Amazon,Backordered,83,23,8,58.56,0.0,SKU-0023,Sports Product 23,SPO,111.57,58.56,3,Y,468.48,892.56,-424.0799999999999
1034,2026-02-05,West,Shopify,Shipped,84,137,5,181.82,0.0,SKU-0137,Pet Product 137,PET,36.76,181.82,8,Y,909.1,183.8,725.3
1034,2026-02-05,West,Shopify,Shipped,85,83,5,269.23,0.0,SKU-0083,Pet Product 83,PET,147.63,269.23,7,Unknown,1346.15,738.15,608.0000000000001
1034,2026-02-05,West,Shopify,Shipped,86,132,2,240.9,2.9,SKU-0132,Toys Product 132,Toys,15.44,240.9,5,N,478.9,30.88,448.02
1035,2026-04-11,West,Shopify,Backordered,87,107,7,223.34,0.0,SKU-0107,Pet Product 107, Pet ,81.23,223.34,5,Y,1563.38,568.61,994.77
1035,2026-04-11,West,Shopify,Backordered,88,104,5,199.55,0.0,SKU-0104,Office Product 104,OFFICE,17.07,199.55,1,Unknown,997.75,85.35,912.4
1035,2026-04-11,West,Shopify,Backordered,89,117,8,293.33,0.0,SKU-0117,Pet Product 117,PET,131.8,293.33,5,Y,2346.64,1054.4,1292.2399999999998
1036,2026-04-20,South,Walmart,Shipped,90,73,6,134.83,0.0,SKU-0073,Sports Product 73,SPO,27.28,134.83,7,N,808.98,163.68,645.3
1036,2026-04-20,South,Walmart,Shipped,91,145,8,172.39,0.0,SKU-0145,Toys Product 145,TOYS,101.4,172.39,2,N,1379.12,811.2,567.9199999999998
1036,2026-04-20,South,Walmart,Shipped,92,12,2,61.57,9.77,SKU-0012,Toys Product 12,TOY,132.6,61.57,7,Y,113.37,265.2,-151.82999999999998
1037,2026-02-10,Unknown,Amazon,Cancelled,93,65,2,203.11,0.0,SKU-0065,Sports Product 65,sports,44.01,203.11,7,Y,406.22,88.02,318.20000000000005
1037,2026-02-10,Unknown,Amazon,Cancelled,94,14,7,33.86,0.0,SKU-0014,Electronics Product 14,ELECTRONICS,75.2,33.86,6,N,237.02,526.4,-289.38
1037,2026-02-10,Unknown,Amazon,Cancelled,95,110,2,112.0,0.0,SKU-0110,Beauty Product 110,BEAUTY,144.62,112.0,5,Y,224.0,289.24,-65.24000000000001
1038,2026-01-20,East,Amazon,Shipped,96,3,1,22.56,0.0,SKU-0003,Beauty Product 3,beauty,93.44,22.56,4,N,22.56,93.44,-70.88
1038,2026-01-20,East,Amazon,Shipped,97,109,3,257.52,0.0,SKU-0109,Office Product 109,OFFICE,10.02,257.52,3,N,772.56,30.06,742.5
1038,2026-01-20,East,Amazon,Shipped,98,99,2,50.97,0.0,SKU-0099,Electronics Product 99,ELECT,31.67,50.97,2,Y,101.94,63.34,38.6
1038,2026-01-20,East,Amazon,Shipped,99,27,6,165.39,0.0,SKU-0027,Pet Product 27,PET,33.9,165.39,7,N,992.34,203.4,788.9399999999999
1039,2026-02-12,Unknown,Ebay,Backordered,100,39,7,129.3,9.63,SKU-0039,Pet Product 39, Pet ,42.41,129.3,1,N,895.4700000000001,296.87,598.6000000000001
1039,2026-02-12,Unknown,Ebay,Backordered,101,56,2,172.23,0.0,SKU-0056,Sports Product 56,sports,134.72,172.23,7,Y,344.46,269.44,75.01999999999998
1040,2026-01-22,West,Amazon,Shipped,102,7,5,292.34,0.0,SKU-0007,Electronics Product 7, Electronics ,98.84,292.34,7,Y,1461.6999999999998,494.2000000000001,967.4999999999998
1040,2026-01-22,West,Amazon,Shipped,103,101,5,45.81,0.0,SKU-0101,Home Product 101,home,173.83,45.81,1,Y,229.05,869.1500000000001,-640.1000000000001
1040,2026-01-22,West,Amazon,Shipped,104,127,7,38.14,2.58,SKU-0127,Beauty Product 127,beauty,51.31,38.14,4,N,264.40000000000003,359.17,-94.76999999999998
1041,2026-04-10,South,Walmart,Delivered,105,121,2,151.43,0.0,SKU-0121,Electronics Product 121,ELECT,54.76,151.43,6,N,302.86,109.52,193.34000000000003
1041,2026-04-10,South,Walmart,Delivered,106,4,5,94.28,0.0,SKU-0004,Office Product 4,office,83.61,94.28,1,Unknown,471.4,418.05,53.349999999999966
1042,2026-01-22,West,Amazon,Shipped,107,72,2,205.06,0.0,SKU-0072,Home Product 72,HOME,93.75,205.06,6,N,410.12,187.5,222.62
1042,2026-01-22,West,Amazon,Shipped,108,40,6,90.58,0.0,SKU-0040,Office Product 40,Office,177.43,90.58,8,Y,543.48,1064.58,-521.0999999999999
1043,2026-04-22,West,Walmart,Delivered,109,80,3,84.54,0.0,SKU-0080,Beauty Product 80, Beauty ,91.52,84.54,1,Unknown,253.62,274.56,-20.94
1044,2026-04-06,South,Shopify,Shipped,110,8,6,118.07,0.0,SKU-0008,Sports Product 8,SPO,159.95,118.07,4,N,708.42,959.7,-251.28
1045,2026-05-11,Midwest,Amazon,Cancelled,111,95,3,75.32,0.0,SKU-0095,Electronics Product 95,ELECTRONICS,71.34,75.32,6,Y,225.96,214.02,11.93999999999997
1045,2026-05-11,Midwest,Amazon,Cancelled,112,147,2,133.41,0.0,SKU-0147,Sports Product 147,SPO,128.45,133.41,8,N,266.82,256.9,9.920000000000016
1046,2026-04-18,East,Ebay,Shipped,113,82,5,243.4,0.0,SKU-0082,Beauty Product 82,Beauty,84.88,243.4,6,Unknown,1217.0,424.4,792.6
1046,2026-04-18,East,Ebay,Shipped,114,31,1,35.19,0.0,SKU-0031,Home Product 31,Home,155.44,35.19,4,Y,35.19,155.44,-120.25
1046,2026-04-18,East,Ebay,Shipped,115,103,2,241.92,0.0,SKU-0103,Sports Product 103,SPO,145.97,241.92,1,Y,483.84,291.94,191.9
1046,2026-04-18,East,Ebay,Shipped,116,80,6,84.54,2.21,SKU-0080,Beauty Product 80, Beauty ,91.52,84.54,1,Unknown,505.03,549.12,-44.089999999999975
1047,2026-04-05,East,Walmart,Delivered,117,39,1,129.3,0.0,SKU-0039,Pet Product 39, Pet ,42.41,129.3,1,N,129.3,42.41,86.89000000000001
1047,2026-04-05,East,Walmart,Delivered,118,60,6,115.8,0.0,SKU-0060,Beauty Product 60,beauty,121.71,115.8,7,Y,694.8,730.26,-35.46000000000004
1048,2026-03-02,West,Walmart,Backordered,119,72,2,205.06,0.0,SKU-0072,Home Product 72,HOME,93.75,205.06,6,N,410.12,187.5,222.62
1048,2026-03-02,West,Walmart,Backordered,120,134,7,26.36,0.0,SKU-0134,Pet Product 134, Pet ,19.08,26.36,7,N,184.52,133.56,50.95999999999998
1049,2026-01-16,East,Shopify,Backordered,121,75,5,180.3,12.91,SKU-0075,Sports Product 75,sports,80.23,180.3,6,N,888.59,401.15,487.44
1049,2026-01-16,East,Shopify,Backordered,122,84,6,150.28,0.0,SKU-0084,Pet Product 84,pet,135.14,150.28,5,Unknown,901.68,810.8399999999999,90.84000000000016
1050,2026-04-26,Midwest,Ebay,Backordered,123,138,6,106.5,0.0,SKU-0138,Pet Product 138,PET,76.46,106.5,2,Unknown,639.0,458.76,180.24
1051,2026-01-11,East,Ebay,Shipped,124,64,6,247.73,0.0,SKU-0064,Electronics Product 64, Electronics ,43.93,247.73,8,Y,1486.38,263.58,1222.8
1052,2026-03-05,West,Walmart,Delivered,125,32,1,221.16,0.0,SKU-0032,Pet Product 32,pet,99.37,221.16,8,N,221.16,99.37,121.79
1052,2026-03-05,West,Walmart,Delivered,126,34,4,222.79,0.0,SKU-0034,Office Product 34, Office ,86.73,222.79,2,Y,891.16,346.92,544.24
1053,2026-02-20,East,Walmart,Shipped,127,85,2,163.57,1.6,SKU-0085,Beauty Product 85,BEAUTY,139.02,163.57,4,Y,325.54,278.04,47.49999999999994
1054,2026-04-20,East,Ebay,Shipped,128,71,5,277.42,0.0,SKU-0071,Office Product 71,Office,171.05,277.42,6,N,1387.1,855.25,531.8500000000001
1054,2026-04-20,East,Ebay,Shipped,129,9,4,235.32,10.06,SKU-0009,Home Product 9,Home,120.72,235.32,2,Unknown,931.22,482.88,448.34
1055,2026-03-05,West,Amazon,Shipped,130,92,8,23.27,8.62,SKU-0092,Beauty Product 92,BEAUTY,81.27,23.27,6,N,177.54,650.16,-472.62
1055,2026-03-05,West,Amazon,Shipped,131,89,6,126.0,0.0,SKU-0089,Electronics Product 89,electronics,150.76,126.0,1,Unknown,756.0,904.56,-148.55999999999997
1055,2026-03-05,West,Amazon,Shipped,132,7,6,292.34,0.0,SKU-0007,Electronics Product 7, Electronics ,98.84,292.34,7,Y,1754.04,593.04,1161.0
1055,2026-03-05,West,Amazon,Shipped,133,72,1,205.06,12.32,SKU-0072,Home Product 72,HOME,93.75,205.06,6,N,192.74,93.75,98.99
1056,2026-03-10,West,Shopify,Delivered,134,148,7,124.32,0.0,SKU 0148,Beauty Product 148, Beauty ,101.47,124.32,3,Unknown,870.24,710.29,159.95000000000005
1056,2026-03-10,West,Shopify,Delivered,135,46,4,219.11,0.0,SKU-0046,Kitchen Product 46,KITCHEN,40.75,219.11,4,Y,876.44,163.0,713.44
1057,2026-03-21,West,Walmart,Shipped,136,15,4,198.21,0.0,SKU-0015,Pet Product 15, Pet ,159.82,198.21,3,Y,792.84,639.28,153.56000000000006
1058,2026-03-24,East,Amazon,Delivered,137,29,6,33.25,0.0,SKU-0029,Pet Product 29,Pet,48.38,33.25,1,Y,199.5,290.28000000000003,-90.78000000000004
1058,2026-03-24,East,Amazon,Delivered,138,102,2,71.52,0.0,SKU-0102,Office Product 102, Office ,169.76,71.52,4,Y,143.04,339.52,-196.48
1059,2026-04-02,West,Shopify,Shipped,139,97,5,168.73,0.0,SKU-0097,Home Product 97, Home ,8.39,168.73,6,N,843.65,41.95,801.6999999999999
1059,2026-04-02,West,Shopify,Shipped,140,33,3,42.63,11.2,SKU-0033,Pet Product 33, Pet ,38.32,42.63,7,Y,116.69,114.96,1.730000000000004
1060,2026-01-27,South,Shopify,Backordered,141,61,6,293.22,0.0,SKU-0061,Toys Product 61,toys,156.31,293.22,3,N,1759.3200000000002,937.86,821.4600000000002
1061,2026-03-07,West,Shopify,Delivered,142,99,8,50.97,0.0,SKU-0099,Electronics Product 99,ELECT,31.67,50.97,2,Y,407.76,253.36,154.39999999999998
1062,2026-04-26,South,Amazon,Delivered,143,82,5,243.4,0.0,SKU-0082,Beauty Product 82,Beauty,84.88,243.4,6,Unknown,1217.0,424.4,792.6
1063,2026-05-04,Midwest,Amazon,Shipped,144,112,3,154.88,0.0,SKU-0112,Beauty Product 112, Beauty ,118.03,154.88,1,Y,464.64,354.09000000000003,110.54999999999995
1063,2026-05-04,Midwest,Amazon,Shipped,145,53,4,73.03,0.0,SKU-0053,Beauty Product 53,BEAUTY,81.27,73.03,5,Y,292.12,325.08,-32.95999999999998
1064,2026-01-14,Midwest,Amazon,Cancelled,146,76,8,160.68,0.0,SKU-0076,Pet Product 76, Pet ,123.23,160.68,3,N,1285.44,985.84,299.6
1065,2026-03-16,West,Walmart,Delivered,147,102,8,71.52,0.0,SKU-0102,Office Product 102, Office ,169.76,71.52,4,Y,572.16,1358.08,-785.92
1065,2026-03-16,West,Walmart,Delivered,148,24,7,20.55,3.59,SKU-0024,Electronics Product 24,ELECT,61.73,20.55,6,Unknown,140.26,432.11,-291.85
1065,2026-03-16,West,Walmart,Delivered,149,95,3,75.32,0.0,SKU-0095,Electronics Product 95,ELECTRONICS,71.34,75.32,6,Y,225.96,214.02,11.93999999999997
1066,2026-01-22,West,Ebay,Shipped,150,59,1,213.38,12.46,SKU-0059,Sports Product 59,SPORTS,162.32,0.0,1,Y,200.92,162.32,38.6
1066,2026-01-22,West,Ebay,Shipped,151,138,8,106.5,0.0,SKU-0138,Pet Product 138,PET,76.46,106.5,2,Unknown,852.0,611.68,240.32000000000005
1066,2026-01-22,West,Ebay,Shipped,152,122,5,151.15,0.0,SKU-0122,Electronics Product 122,ELECTRONICS,169.69,151.15,2,N,755.75,848.45,-92.70000000000005
1066,2026-01-22,West,Ebay,Shipped,153,129,3,95.57,2.68,SKU-0129,Electronics Product 129,electronics,55.42,95.57,8,Y,284.03,166.26,117.76999999999998
1067,2026-02-21,West,Shopify,Shipped,154,82,2,243.4,2.22,SKU-0082,Beauty Product 82,Beauty,84.88,243.4,6,Unknown,484.58,169.76,314.82
1067,2026-02-21,West,Shopify,Shipped,155,142,6,192.45,12.99,SKU-0142,Electronics Product 142,electronics,95.73,192.45,8,N,1141.7099999999998,574.38,567.3299999999998
1067,2026-02-21,West,Shopify,Shipped,156,4,7,94.28,0.0,SKU-0004,Office Product 4,office,83.61,94.28,1,Unknown,659.96,585.27,74.69000000000005
1068,2026-01-26,South,Amazon,Cancelled,157,68,7,138.85,10.17,SKU-0068,Sports Product 68,Sports,23.97,138.85,6,N,961.78,167.79,793.99
1068,2026-01-26,South,Amazon,Cancelled,158,10,3,144.22,0.0,SKU-0010,Beauty Product 10,Beauty,71.52,144.22,6,N,432.66,214.56,218.1
1068,2026-01-26,South,Amazon,Cancelled,159,103,1,241.92,0.0,SKU-0103,Sports Product 103,SPO,145.97,241.92,1,Y,241.92,145.97,95.95
1068,2026-01-26,South,Amazon,Cancelled,160,61,1,293.22,0.0,SKU-0061,Toys Product 61,toys,156.31,293.22,3,N,293.22,156.31,136.91000000000005
1069,2026-01-06,South,Ebay,Cancelled,161,126,2,32.17,0.0,SKU-0126,Office Product 126,OFFICE,104.51,32.17,2,Unknown,64.34,209.02,-144.68
1069,2026-01-06,South,Ebay,Cancelled,162,35,5,46.14,14.64,SKU-0035,Office Product 35,OFFICE,145.1,46.14,4,N,216.06,725.5,-509.44
1069,2026-01-06,South,Ebay,Cancelled,163,83,5,269.23,0.0,SKU-0083,Pet Product 83,PET,147.63,269.23,7,Unknown,1346.15,738.15,608.0000000000001
1070,2026-03-21,Midwest,Amazon,Shipped,164,135,1,41.03,0.0,SKU-0135,Kitchen Product 135,KIT,48.81,41.03,1,Unknown,41.03,48.81,-7.780000000000001
1070,2026-03-21,Midwest,Amazon,Shipped,165,15,4,198.21,0.0,SKU-0015,Pet Product 15, Pet ,159.82,198.21,3,Y,792.84,639.28,153.56000000000006
1071,2026-01-08,Midwest,Ebay,Shipped,166,46,8,219.11,0.0,SKU-0046,Kitchen Product 46,KITCHEN,40.75,219.11,4,Y,1752.88,326.0,1426.88
1071,2026-01-08,Midwest,Ebay,Shipped,167,89,3,126.0,0.0,SKU-0089,Electronics Product 89,electronics,150.76,126.0,1,Unknown,378.0,452.28,-74.27999999999997
1071,2026-01-08,Midwest,Ebay,Shipped,168,24,5,20.55,0.0,SKU-0024,Electronics Product 24,ELECT,61.73,20.55,6,Unknown,102.75,308.65,-205.9
1071,2026-01-08,Midwest,Ebay,Shipped,169,42,4,169.53,0.0,SKU-0042,Beauty Product 42,Beauty,106.36,169.53,6,Y,678.12,425.44,252.68
1072,2026-02-03,West,Shopify,Shipped,170,58,5,57.21,0.0,SKU-0058,Electronics Product 58,ELECTRONICS,106.94,57.21,3,Y,286.05,534.7,-248.65000000000003
1073,2026-04-30,West,Shopify,Cancelled,171,150,2,100.09,0.0,SKU-0150,Sports Product 150,Sports,54.5,100.09,8,Unknown,200.18,109.0,91.18
1073,2026-04-30,West,Shopify,Cancelled,172,144,5,194.56,0.0,SKU-0144,Pet Product 144,Pet,10.05,194.56,4,N,972.8,50.25,922.55
1073,2026-04-30,West,Shopify,Cancelled,173,124,2,48.76,0.0,SKU-0124,Sports Product 124,Sports,178.94,48.76,7,Y,97.52,357.88,-260.36
1073,2026-04-30,West,Shopify,Cancelled,174,84,5,150.28,0.0,SKU-0084,Pet Product 84,pet,135.14,150.28,5,Unknown,751.4,675.6999999999999,75.70000000000005
1074,2026-02-05,Unknown,Amazon,Shipped,175,76,5,160.68,13.7,SKU-0076,Pet Product 76, Pet ,123.23,160.68,3,N,789.7,616.15,173.55000000000007
1074,2026-02-05,Unknown,Amazon,Shipped,176,100,1,233.57,0.0,SKU-0100,Beauty Product 100, Beauty ,127.41,233.57,3,Y,233.57,127.41,106.16
1074,2026-02-05,Unknown,Amazon,Shipped,177,88,4,109.3,10.61,SKU-0088,Beauty Product 88,Beauty,77.6,109.3,8,N,426.59,310.4,116.19
1074,2026-02-05,Unknown,Amazon,Shipped,178,92,5,23.27,0.0,SKU-0092,Beauty Product 92,BEAUTY,81.27,23.27,6,N,116.35,406.35,-290.0
1075,2026-01-23,East,Ebay,Shipped,179,108,6,143.48,0.0,SKU-0108,Beauty Product 108,Beauty,53.81,143.48,8,Y,860.8799999999999,322.86,538.0199999999999
1075,2026-01-23,East,Ebay,Shipped,180,119,2,27.97,0.0,SKU-0119,Electronics Product 119,ELECT,27.15,27.97,1,Y,55.94,54.3,1.6400000000000006
1075,2026-01-23,East,Ebay,Shipped,181,121,4,151.43,8.01,SKU-0121,Electronics Product 121,ELECT,54.76,151.43,6,N,597.71,219.04,378.6700000000001
1076,2026-04-15,East,Walmart,Delivered,182,47,2,100.5,0.0,SKU-0047,Office Product 47,office,122.55,100.5,6,Unknown,201.0,245.1,-44.1
1076,2026-04-15,East,Walmart,Delivered,183,81,1,244.17,0.0,SKU-0081,Home Product 81, Home ,43.3,244.17,8,Y,244.17,43.3,200.87
1076,2026-04-15,East,Walmart,Delivered,184,54,3,256.14,0.0,SKU-0054,Pet Product 54,PET,163.43,256.14,2,N,768.42,490.29,278.12999999999994
1077,2026-04-09,West,Amazon,Delivered,185,96,1,252.1,0.0,SKU-0096,Office Product 96,OFFICE,136.6,252.1,5,Unknown,252.1,136.6,115.5
1077,2026-04-09,West,Amazon,Delivered,186,5,1,59.31,0.0,SKU-0005,Toys Product 5, Toys ,64.54,59.31,6,Y,59.31,64.54,-5.230000000000004
1078,2026-01-17,South,Ebay,Delivered,187,134,6,26.36,0.0,SKU-0134,Pet Product 134, Pet ,19.08,26.36,7,N,158.16,114.48,43.68000000000001
1078,2026-01-17,South,Ebay,Delivered,188,88,8,109.3,0.0,SKU-0088,Beauty Product 88,Beauty,77.6,109.3,8,N,874.4,620.8,253.6
1078,2026-01-17,South,Ebay,Delivered,189,43,7,277.03,0.0,SKU-0043,Electronics Product 43,ELECT,88.44,277.03,3,Y,1939.21,619.0799999999999,1320.13
1078,2026-01-17,South,Ebay,Delivered,190,34,4,222.79,0.0,SKU-0034,Office Product 34, Office ,86.73,222.79,2,Y,891.16,346.92,544.24
1079,2026-01-13,Unknown,Amazon,Shipped,191,13,2,236.16,6.83,SKU-0013,Beauty Product 13,BEAUTY,152.5,236.16,4,Unknown,465.49,305.0,160.49
1080,2026-04-18,Unknown,Amazon,Shipped,192,36,7,94.39,0.0,SKU-0036,Pet Product 36,pet,78.83,94.39,4,Unknown,660.73,551.81,108.92000000000009
1080,2026-04-18,Unknown,Amazon,Shipped,193,131,2,57.46,0.0,SKU-0131,Home Product 131,HOM,44.34,57.46,5,Unknown,114.92,88.68,26.239999999999995
1080,2026-04-18,Unknown,Amazon,Shipped,194,128,4,143.39,0.0,SKU-0128,Home Product 128,home,5.47,143.39,8,Y,573.56,21.88,551.68
1081,2026-05-04,West,Shopify,Cancelled,195,23,2,58.56,12.69,SKU-0023,Sports Product 23,SPO,111.57,58.56,3,Y,104.43,223.14,-118.70999999999998
1082,2026-03-17,West,Walmart,Cancelled,196,45,1,184.44,0.0,SKU-0045,Home Product 45,HOM,48.09,184.44,2,N,184.44,48.09,136.35
1083,2026-03-22,West,Shopify,Backordered,197,12,1,61.57,0.0,SKU-0012,Toys Product 12,TOY,132.6,61.57,7,Y,61.57,132.6,-71.03
1084,2026-03-29,Midwest,Amazon,Shipped,198,117,5,293.33,12.7,SKU-0117,Pet Product 117,PET,131.8,293.33,5,Y,1453.9499999999998,659.0,794.9499999999998
1084,2026-03-29,Midwest,Amazon,Shipped,199,108,3,143.48,0.0,SKU-0108,Beauty Product 108,Beauty,53.81,143.48,8,Y,430.44,161.43,269.00999999999993
1084,2026-03-29,Midwest,Amazon,Shipped,200,41,2,153.7,6.82,SKU-0041,Office Product 41,OFF,120.83,153.7,4,Y,300.58,241.66,58.91999999999999
1084,2026-03-29,Midwest,Amazon,Shipped,201,146,8,199.6,3.54,SKU-0146,Home Product 146, Home ,170.74,199.6,3,N,1593.26,1365.92,227.33999999999992
1085,2026-05-05,Midwest,Walmart,Delivered,202,17,5,299.3,0.0,SKU-0017,Office Product 17,OFFICE,43.38,299.3,8,Y,1496.5,216.9,1279.6
1086,2026-01-25,Unknown,Shopify,Backordered,203,124,6,48.76,10.29,SKU-0124,Sports Product 124,Sports,178.94,48.76,7,Y,282.27,1073.64,-791.3699999999999
1086,2026-01-25,Unknown,Shopify,Backordered,204,39,1,129.3,0.0,SKU-0039,Pet Product 39, Pet ,42.41,129.3,1,N,129.3,42.41,86.89000000000001
1087,2026-03-26,West,Amazon,Cancelled,205,141,7,15.33,0.0,SKU-0141,Office Product 141,OFF,149.36,15.33,8,N,107.31,1045.52,-938.21
1087,2026-03-26,West,Amazon,Cancelled,206,21,8,60.07,7.22,SKU-0021,Kitchen Product 21,Kitchen,56.36,60.07,1,N,473.34,450.88,22.45999999999998
1088,2026-04-14,West,Amazon,Backordered,207,24,5,20.55,0.0,SKU-0024,Electronics Product 24,ELECT,61.73,20.55,6,Unknown,102.75,308.65,-205.9
1089,2026-03-26,West,Amazon,Delivered,208,94,8,53.67,0.0,SKU-0094,Electronics Product 94,Electronics,117.48,53.67,8,N,429.36,939.84,-510.48
1089,2026-03-26,West,Amazon,Delivered,209,1,6,84.79,0.0,SKU-0001,Home Product 1,Home,134.77,84.79,3,N,508.74,808.6200000000001,-299.8800000000001
1089,2026-03-26,West,Amazon,Delivered,210,141,6,15.33,0.0,SKU-0141,Office Product 141,OFF,149.36,15.33,8,N,91.98,896.1600000000001,-804.1800000000001
1089,2026-03-26,West,Amazon,Delivered,211,43,8,277.03,2.97,SKU-0043,Electronics Product 43,ELECT,88.44,277.03,3,Y,2213.27,707.52,1505.75
1090,2026-02-18,West,Ebay,Shipped,212,12,2,61.57,11.81,SKU-0012,Toys Product 12,TOY,132.6,61.57,7,Y,111.33,265.2,-153.87
1090,2026-02-18,West,Ebay,Shipped,213,118,3,241.69,0.0,SKU-0118,Beauty Product 118,BEAUTY,44.81,0.0,3,Y,725.0699999999999,134.43,590.6399999999999
1090,2026-02-18,West,Ebay,Shipped,214,142,7,192.45,12.74,SKU-0142,Electronics Product 142,electronics,95.73,192.45,8,N,1334.41,670.11,664.2999999999998
1090,2026-02-18,West,Ebay,Shipped,215,131,3,57.46,0.0,SKU-0131,Home Product 131,HOM,44.34,57.46,5,Unknown,172.38,133.02,39.35999999999999
1091,2026-03-05,South,Walmart,Cancelled,216,116,3,211.7,0.0,SKU-0116,Home Product 116,HOM,171.4,211.7,4,N,635.0999999999999,514.2,120.89999999999986
1091,2026-03-05,South,Walmart,Cancelled,217,141,6,15.33,0.0,SKU-0141,Office Product 141,OFF,149.36,15.33,8,N,91.98,896.1600000000001,-804.1800000000001
1091,2026-03-05,South,Walmart,Cancelled,218,52,4,59.3,0.0,SKU-0052,Home Product 52,Home,134.92,59.3,5,Y,237.2,539.68,-302.48
1092,2026-02-03,East,Shopify,Shipped,219,30,6,35.23,8.87,SKU-0030,Beauty Product 30,BEA,43.54,35.23,1,N,202.51,261.24,-58.73000000000002
1092,2026-02-03,East,Shopify,Shipped,220,137,5,181.82,13.28,SKU-0137,Pet Product 137,PET,36.76,181.82,8,Y,895.8199999999999,183.8,712.02
1092,2026-02-03,East,Shopify,Shipped,221,4,2,94.28,0.0,SKU-0004,Office Product 4,office,83.61,94.28,1,Unknown,188.56,167.22,21.340000000000003
1093,2026-02-07,South,Shopify,Delivered,222,139,1,156.21,6.02,SKU-0139,Toys Product 139,TOYS,77.04,156.21,7,Unknown,150.19,77.04,73.14999999999999
1093,2026-02-07,South,Shopify,Delivered,223,27,4,165.39,11.39,SKU-0027,Pet Product 27,PET,33.9,165.39,7,N,650.17,135.6,514.5699999999999
1094,2026-03-22,West,Amazon,Delivered,224,52,8,59.3,0.0,SKU-0052,Home Product 52,Home,134.92,59.3,5,Y,474.4,1079.36,-604.9599999999999
1094,2026-03-22,West,Amazon,Delivered,225,140,4,86.93,0.0,SKU-0140,Electronics Product 140, Electronics ,20.41,86.93,2,Unknown,347.72,81.64,266.08000000000004
1094,2026-03-22,West,Amazon,Delivered,226,76,8,160.68,0.0,SKU-0076,Pet Product 76, Pet ,123.23,160.68,3,N,1285.44,985.84,299.6
1095,2026-02-11,West,Ebay,Delivered,227,120,3,229.55,0.0,SKU-0120,Sports Product 120,sports,116.63,229.55,2,Unknown,688.6500000000001,349.89,338.7600000000001
1095,2026-02-11,West,Ebay,Delivered,228,14,5,33.86,0.0,SKU-0014,Electronics Product 14,ELECTRONICS,75.2,33.86,6,N,169.3,376.0,-206.7
1095,2026-02-11,West,Ebay,Delivered,229,19,6,298.89,0.0,SKU-0019,Home Product 19, Home ,71.78,298.89,5,Y,1793.34,430.68,1362.66
1096,2026-02-26,South,Shopify,Shipped,230,93,5,277.07,4.06,SKU-0093,Office Product 93,office,152.09,277.07,1,N,1381.29,760.45,620.8399999999999
1096,2026-02-26,South,Shopify,Shipped,231,144,1,194.56,0.0,SKU-0144,Pet Product 144,Pet,10.05,194.56,4,N,194.56,10.05,184.51
1096,2026-02-26,South,Shopify,Shipped,232,115,4,80.7,0.0,SKU-0115,Pet Product 115,PET,58.66,80.7,4,Y,322.8,234.64,88.16000000000003
1097,2026-03-14,South,Amazon,Delivered,233,125,1,273.92,0.0,SKU-0125,Beauty Product 125,BEA,71.57,273.92,5,Unknown,273.92,71.57,202.35
1097,2026-03-14,South,Amazon,Delivered,234,83,2,269.23,0.0,SKU-0083,Pet Product 83,PET,147.63,269.23,7,Unknown,538.46,295.26,243.20000000000005
1097,2026-03-14,South,Amazon,Delivered,235,138,1,106.5,0.0,SKU-0138,Pet Product 138,PET,76.46,106.5,2,Unknown,106.5,76.46,30.040000000000006
1097,2026-03-14,South,Amazon,Delivered,236,55,7,110.06,0.0,SKU-0055,Office Product 55,OFFICE,12.72,110.06,3,N,770.4200000000001,89.04,681.3800000000001
1098,2026-04-28,West,Ebay,Shipped,237,19,1,298.89,0.0,SKU-0019,Home Product 19, Home ,71.78,298.89,5,Y,298.89,71.78,227.11
1099,2026-04-14,West,Ebay,Backordered,238,31,1,35.19,0.0,SKU-0031,Home Product 31,Home,155.44,35.19,4,Y,35.19,155.44,-120.25
1099,2026-04-14,West,Ebay,Backordered,239,150,1,100.09,0.0,SKU-0150,Sports Product 150,Sports,54.5,100.09,8,Unknown,100.09,54.5,45.59
1099,2026-04-14,West,Ebay,Backordered,240,92,2,23.27,0.0,SKU-0092,Beauty Product 92,BEAUTY,81.27,23.27,6,N,46.54,162.54,-116.0
1099,2026-04-14,West,Ebay,Backordered,241,23,5,58.56,11.71,SKU-0023,Sports Product 23,SPO,111.57,58.56,3,Y,281.09000000000003,557.8499999999999,-276.7599999999999
1100,2026-03-17,South,Shopify,Shipped,242,3,3,22.56,0.0,SKU-0003,Beauty Product 3,beauty,93.44,22.56,4,N,67.67999999999999,280.32,-212.64
1100,2026-03-17,South,Shopify,Shipped,243,147,7,133.41,0.0,SKU-0147,Sports Product 147,SPO,128.45,133.41,8,N,933.87,899.1499999999999,34.72000000000014
1100,2026-03-17,South,Shopify,Shipped,244,79,4,234.02,0.0,SKU-0079,Beauty Product 79, Beauty ,111.97,234.02,8,N,936.08,447.88,488.2000000000001
1101,2026-01-30,West,Shopify,Shipped,245,141,8,15.33,0.0,SKU-0141,Office Product 141,OFF,149.36,15.33,8,N,122.64,1194.88,-1072.24
1102,2026-04-02,Unknown,Shopify,Shipped,246,26,5,166.82,0.0,SKU-0026,Pet Product 26,Pet,176.15,166.82,3,N,834.0999999999999,880.75,-46.65000000000009
1102,2026-04-02,Unknown,Shopify,Shipped,247,82,8,243.4,0.0,SKU-0082,Beauty Product 82,Beauty,84.88,243.4,6,Unknown,1947.2,679.04,1268.16
1103,2026-03-22,Unknown,Shopify,Shipped,248,71,6,277.42,0.0,SKU-0071,Office Product 71,Office,171.05,277.42,6,N,1664.52,1026.3000000000002,638.2199999999998
1103,2026-03-22,Unknown,Shopify,Shipped,249,123,8,210.64,0.0,SKU-0123,Pet Product 123,Pet,105.98,210.64,3,N,1685.12,847.84,837.2799999999999
1103,2026-03-22,Unknown,Shopify,Shipped,250,125,2,273.92,0.0,SKU-0125,Beauty Product 125,BEA,71.57,273.92,5,Unknown,547.84,143.14,404.7000000000001
1103,2026-03-22,Unknown,Shopify,Shipped,251,72,3,205.06,0.0,SKU-0072,Home Product 72,HOME,93.75,205.06,6,N,615.1800000000001,281.25,333.93000000000006
1104,2026-04-14,West,Shopify,Delivered,252,140,8,86.93,0.0,SKU-0140,Electronics Product 140, Electronics ,20.41,86.93,2,Unknown,695.44,163.28,532.1600000000001
1104,2026-04-14,West,Shopify,Delivered,253,94,7,53.67,0.0,SKU-0094,Electronics Product 94,Electronics,117.48,53.67,8,N,375.69,822.36,-446.67
1104,2026-04-14,West,Shopify,Delivered,254,35,8,46.14,0.0,SKU-0035,Office Product 35,OFFICE,145.1,46.14,4,N,369.12,1160.8,-791.68
1105,2026-02-05,East,Shopify,Backordered,255,124,6,48.76,1.57,SKU-0124,Sports Product 124,Sports,178.94,48.76,7,Y,290.99,1073.64,-782.6499999999999
1105,2026-02-05,East,Shopify,Backordered,256,60,2,115.8,0.0,SKU-0060,Beauty Product 60,beauty,121.71,115.8,7,Y,231.6,243.42,-11.819999999999991
1106,2026-01-12,South,Shopify,Delivered,257,134,5,26.36,0.0,SKU-0134,Pet Product 134, Pet ,19.08,26.36,7,N,131.8,95.4,36.40000000000002
1107,2026-03-06,West,Shopify,Backordered,258,91,6,170.65,7.82,SKU-0091,Office Product 91,OFF,135.82,170.65,4,N,1016.08,814.92,201.16000000000008
1107,2026-03-06,West,Shopify,Backordered,259,2,3,135.25,0.0,SKU-0002,Home Product 2,HOM,20.21,135.25,1,Y,405.75,60.63,345.12
1107,2026-03-06,West,Shopify,Backordered,260,20,5,168.04,0.0,SKU-0020,Electronics Product 20,Electronics,124.3,168.04,5,Unknown,840.1999999999999,621.5,218.7
1107,2026-03-06,West,Shopify,Backordered,261,41,6,153.7,0.0,SKU-0041,Office Product 41,OFF,120.83,153.7,4,Y,922.2,724.98,197.2199999999999
1108,2026-02-23,Unknown,Shopify,Delivered,262,6,4,256.54,0.0,SKU-0006,Home Product 6, Home ,21.93,256.54,5,Unknown,1026.16,87.72,938.44
1108,2026-02-23,Unknown,Shopify,Delivered,263,35,1,46.14,0.0,SKU-0035,Office Product 35,OFFICE,145.1,46.14,4,N,46.14,145.1,-98.96
1108,2026-02-23,Unknown,Shopify,Delivered,264,15,3,198.21,0.0,SKU-0015,Pet Product 15, Pet ,159.82,198.21,3,Y,594.63,479.46,115.17000000000002
1108,2026-02-23,Unknown,Shopify,Delivered,265,133,7,214.42,0.0,SKU-0133,Home Product 133, Home ,125.52,214.42,5,Y,1500.9399999999998,878.64,622.2999999999998
1109,2026-02-26,East,Amazon,Backordered,266,131,5,57.46,0.0,SKU-0131,Home Product 131,HOM,44.34,57.46,5,Unknown,287.3,221.7,65.6
1109,2026-02-26,East,Amazon,Backordered,267,117,2,293.33,4.22,SKU-0117,Pet Product 117,PET,131.8,293.33,5,Y,582.4399999999999,263.6,318.8399999999999
1110,2026-01-25,West,Walmart,Shipped,268,137,2,181.82,0.0,SKU-0137,Pet Product 137,PET,36.76,181.82,8,Y,363.64,73.52,290.12
1111,2026-04-18,Unknown,Amazon,Cancelled,269,59,8,201.6,0.0,SKU-0059,Sports Product 59,SPORTS,162.32,0.0,1,Y,1612.8,1298.56,314.24
1111,2026-04-18,Unknown,Amazon,Cancelled,270,109,3,257.52,0.0,SKU-0109,Office Product 109,OFFICE,10.02,257.52,3,N,772.56,30.06,742.5
1111,2026-04-18,Unknown,Amazon,Cancelled,271,22,5,159.69,9.38,SKU-0022,Sports Product 22,SPO,138.34,159.69,2,Unknown,789.07,691.7,97.37
1111,2026-04-18,Unknown,Amazon,Cancelled,272,66,4,94.55,0.0,SKU-0066,Sports Product 66,Sports,174.21,94.55,7,N,378.2,696.84,-318.64000000000004
1112,2026-01-31,Midwest,Amazon,Delivered,273,81,7,244.17,0.0,SKU-0081,Home Product 81, Home ,43.3,244.17,8,Y,1709.1899999999998,303.1,1406.09
1112,2026-01-31,Midwest,Amazon,Delivered,274,110,5,112.0,4.66,SKU-0110,Beauty Product 110,BEAUTY,144.62,112.0,5,Y,555.34,723.1,-167.76
1113,2026-05-04,West,Ebay,Shipped,275,65,5,203.11,9.09,SKU-0065,Sports Product 65,sports,44.01,203.11,7,Y,1006.46,220.05,786.4100000000001
1113,2026-05-04,West,Ebay,Shipped,276,36,2,94.39,11.47,SKU-0036,Pet Product 36,pet,78.83,94.39,4,Unknown,177.31,157.66,19.65000000000001
1113,2026-05-04,West,Ebay,Shipped,277,42,2,169.53,4.0,SKU-0042,Beauty Product 42,Beauty,106.36,169.53,6,Y,335.06,212.72,122.34
1113,2026-05-04,West,Ebay,Shipped,278,87,1,124.17,0.0,SKU-0087,Home Product 87,home,31.4,124.17,3,N,124.17,31.4,92.77
1114,2026-04-05,West,Amazon,Delivered,279,103,5,241.92,0.0,SKU-0103,Sports Product 103,SPO,145.97,241.92,1,Y,1209.6,729.85,479.7499999999999
1114,2026-04-05,West,Amazon,Delivered,280,45,8,184.44,0.0,SKU-0045,Home Product 45,HOM,48.09,184.44,2,N,1475.52,384.72,1090.8
1114,2026-04-05,West,Amazon,Delivered,281,133,5,214.42,0.0,SKU-0133,Home Product 133, Home ,125.52,214.42,5,Y,1072.1,627.6,444.4999999999999
1114,2026-04-05,West,Amazon,Delivered,282,44,1,34.37,0.0,SKU-0044,Home Product 44,home,16.99,34.37,4,N,34.37,16.99,17.38
1115,2026-02-21,Unknown,Amazon,Delivered,283,24,5,20.55,0.0,SKU-0024,Electronics Product 24,ELECT,61.73,20.55,6,Unknown,102.75,308.65,-205.9
1116,2026-02-14,West,Amazon,Backordered,284,129,5,95.57,0.0,SKU-0129,Electronics Product 129,electronics,55.42,95.57,8,Y,477.85,277.1,200.75
1117,2026-05-04,Midwest,Ebay,Shipped,285,8,8,118.07,0.0,SKU-0008,Sports Product 8,SPO,159.95,118.07,4,N,944.56,1279.6,-335.04
1117,2026-05-04,Midwest,Ebay,Shipped,286,98,4,285.64,0.0,SKU-0098,Home Product 98,Home,136.99,285.64,4,Unknown,1142.56,547.96,594.5999999999999
1117,2026-05-04,Midwest,Ebay,Shipped,287,81,7,244.17,0.0,SKU-0081,Home Product 81, Home ,43.3,244.17,8,Y,1709.1899999999998,303.1,1406.09
1117,2026-05-04,Midwest,Ebay,Shipped,288,68,4,138.85,5.02,SKU-0068,Sports Product 68,Sports,23.97,138.85,6,N,550.38,95.88,454.5
1118,2026-02-25,East,Ebay,Delivered,289,128,4,143.39,0.0,SKU-0128,Home Product 128,home,5.47,143.39,8,Y,573.56,21.88,551.68
1118,2026-02-25,East,Ebay,Delivered,290,68,4,138.85,0.0,SKU-0068,Sports Product 68,Sports,23.97,138.85,6,N,555.4,95.88,459.52
1119,2026-01-02,Midwest,Amazon,Delivered,291,81,8,244.17,0.0,SKU-0081,Home Product 81, Home ,43.3,244.17,8,Y,1953.36,346.4,1606.96
1119,2026-01-02,Midwest,Amazon,Delivered,292,126,3,32.17,0.0,SKU-0126,Office Product 126,OFFICE,104.51,32.17,2,Unknown,96.51,313.53000000000003,-217.02000000000004
1119,2026-01-02,Midwest,Amazon,Delivered,293,102,4,71.52,0.0,SKU-0102,Office Product 102, Office ,169.76,71.52,4,Y,286.08,679.04,-392.96
1120,2026-02-14,Unknown,Amazon,Backordered,294,81,1,244.17,0.0,SKU-0081,Home Product 81, Home ,43.3,244.17,8,Y,244.17,43.3,200.87
1120,2026-02-14,Unknown,Amazon,Backordered,295,98,2,285.64,0.0,SKU-0098,Home Product 98,Home,136.99,285.64,4,Unknown,571.28,273.98,297.29999999999995
1120,2026-02-14,Unknown,Amazon,Backordered,296,48,5,299.56,4.32,SKU-0048,Home Product 48,Home,85.2,299.56,2,Y,1493.48,426.0,1067.48
1120,2026-02-14,Unknown,Amazon,Backordered,297,88,6,109.3,3.57,SKU-0088,Beauty Product 88,Beauty,77.6,109.3,8,N,652.2299999999999,465.6,186.63
1121,2026-02-03,East,Shopify,Delivered,298,70,4,244.86,8.77,SKU-0070,Office Product 70,Office,95.99,244.86,4,Y,970.67,383.96,586.71
1122,2026-03-18,West,Amazon,Cancelled,299,102,2,71.52,0.0,SKU-0102,Office Product 102, Office ,169.76,71.52,4,Y,143.04,339.52,-196.48
1123,2026-03-07,West,Shopify,Backordered,300,86,5,81.83,0.0,SKU-0086,Pet Product 86,Pet,129.87,81.83,6,Y,409.15,649.35,-240.20000000000005
1123,2026-03-07,West,Shopify,Backordered,301,89,1,126.0,0.0,SKU-0089,Electronics Product 89,electronics,150.76,126.0,1,Unknown,126.0,150.76,-24.75999999999999
1123,2026-03-07,West,Shopify,Backordered,302,51,3,204.07,0.0,SKU-0051,Electronics Product 51,ELECT,57.39,204.07,3,Y,612.21,172.17000000000002,440.04
1123,2026-03-07,West,Shopify,Backordered,303,91,6,170.65,10.42,SKU-0091,Office Product 91,OFF,135.82,170.65,4,N,1013.48,814.92,198.56000000000017
1124,2026-04-18,West,Amazon,Shipped,304,19,2,298.89,0.0,SKU-0019,Home Product 19, Home ,71.78,298.89,5,Y,597.78,143.56,454.22
1124,2026-04-18,West,Amazon,Shipped,305,81,6,244.17,0.0,SKU-0081,Home Product 81, Home ,43.3,244.17,8,Y,1465.02,259.79999999999995,1205.22
1124,2026-04-18,West,Amazon,Shipped,306,102,5,71.52,0.0,SKU-0102,Office Product 102, Office ,169.76,71.52,4,Y,357.6,848.8,-491.2
1124,2026-04-18,West,Amazon,Shipped,307,134,8,26.36,0.0,SKU-0134,Pet Product 134, Pet ,19.08,26.36,7,N,210.88,152.64,58.24000000000001
1125,2026-02-12,West,Amazon,Backordered,308,122,1,151.15,1.37,SKU-0122,Electronics Product 122,ELECTRONICS,169.69,151.15,2,N,149.78,169.69,-19.91
1126,2026-02-28,South,Shopify,Shipped,309,33,3,42.63,0.0,SKU-0033,Pet Product 33, Pet ,38.32,42.63,7,Y,127.89,114.96,12.930000000000009
1126,2026-02-28,South,Shopify,Shipped,310,8,1,118.07,0.0,SKU-0008,Sports Product 8,SPO,159.95,118.07,4,N,118.07,159.95,-41.88
1126,2026-02-28,South,Shopify,Shipped,311,122,8,151.15,0.0,SKU-0122,Electronics Product 122,ELECTRONICS,169.69,151.15,2,N,1209.2,1357.52,-148.31999999999994
1126,2026-02-28,South,Shopify,Shipped,312,141,8,15.33,0.0,SKU-0141,Office Product 141,OFF,149.36,15.33,8,N,122.64,1194.88,-1072.24
1127,2026-03-21,West,Walmart,Cancelled,313,23,8,58.56,5.31,SKU-0023,Sports Product 23,SPO,111.57,58.56,3,Y,463.17,892.56,-429.38999999999993
1127,2026-03-21,West,Walmart,Cancelled,314,67,3,291.56,0.0,SKU-0067,Kitchen Product 67,Kitchen,25.18,291.56,3,Y,874.6800000000001,75.53999999999999,799.1400000000001
1128,2026-02-04,Midwest,Ebay,Cancelled,315,126,8,32.17,5.19,SKU-0126,Office Product 126,OFFICE,104.51,32.17,2,Unknown,252.17,836.08,-583.9100000000001
1129,2026-03-01,South,Amazon,Delivered,316,106,7,65.2,0.0,SKU-0106,Toys Product 106, Toys ,64.54,65.2,5,Y,456.4,451.78,4.6200000000000045
1129,2026-03-01,South,Amazon,Delivered,317,100,7,233.57,0.0,SKU-0100,Beauty Product 100, Beauty ,127.41,233.57,3,Y,1634.99,891.87,743.12
1130,2026-03-10,West,Shopify,Backordered,318,35,5,46.14,2.54,SKU-0035,Office Product 35,OFFICE,145.1,46.14,4,N,228.16,725.5,-497.34
1130,2026-03-10,West,Shopify,Backordered,319,116,5,211.7,10.81,SKU-0116,Home Product 116,HOM,171.4,211.7,4,N,1047.69,857.0,190.69000000000003
1131,2026-03-14,Unknown,Shopify,Cancelled,320,3,4,22.56,0.0,SKU-0003,Beauty Product 3,beauty,93.44,22.56,4,N,90.24,373.76,-283.52
1131,2026-03-14,Unknown,Shopify,Cancelled,321,127,4,38.14,0.0,SKU-0127,Beauty Product 127,beauty,51.31,38.14,4,N,152.56,205.24,-52.68000000000001
1131,2026-03-14,Unknown,Shopify,Cancelled,322,128,6,143.39,0.0,SKU-0128,Home Product 128,home,5.47,143.39,8,Y,860.3399999999999,32.82,827.5199999999999
1131,2026-03-14,Unknown,Shopify,Cancelled,323,85,2,163.57,0.0,SKU-0085,Beauty Product 85,BEAUTY,139.02,163.57,4,Y,327.14,278.04,49.099999999999966
1132,2026-02-01,Midwest,Shopify,Shipped,324,64,1,247.73,0.0,SKU-0064,Electronics Product 64, Electronics ,43.93,247.73,8,Y,247.73,43.93,203.8
1132,2026-02-01,Midwest,Shopify,Shipped,325,134,4,26.36,0.0,SKU-0134,Pet Product 134, Pet ,19.08,26.36,7,N,105.44,76.32,29.120000000000005
1132,2026-02-01,Midwest,Shopify,Shipped,326,83,3,269.23,0.0,SKU-0083,Pet Product 83,PET,147.63,269.23,7,Unknown,807.69,442.89,364.80000000000007
1132,2026-02-01,Midwest,Shopify,Shipped,327,141,2,15.33,0.0,SKU-0141,Office Product 141,OFF,149.36,15.33,8,N,30.66,298.72,-268.06
1133,2026-03-25,South,Shopify,Delivered,328,102,4,71.52,0.0,SKU-0102,Office Product 102, Office ,169.76,71.52,4,Y,286.08,679.04,-392.96
1134,2026-05-08,West,Shopify,Delivered,329,16,1,168.61,0.0,SKU-0016,Toys Product 16,toys,135.37,168.61,7,Y,168.61,135.37,33.24000000000001
1134,2026-05-08,West,Shopify,Delivered,330,138,2,106.5,0.0,SKU-0138,Pet Product 138,PET,76.46,106.5,2,Unknown,213.0,152.92,60.08000000000001
1134,2026-05-08,West,Shopify,Delivered,331,82,6,243.4,12.28,SKU-0082,Beauty Product 82,Beauty,84.88,243.4,6,Unknown,1448.12,509.28,938.84
1135,2026-03-17,Midwest,Shopify,Delivered,332,146,3,199.6,0.0,SKU-0146,Home Product 146, Home ,170.74,199.6,3,N,598.8,512.22,86.57999999999993
1135,2026-03-17,Midwest,Shopify,Delivered,333,120,5,229.55,0.0,SKU-0120,Sports Product 120,sports,116.63,229.55,2,Unknown,1147.75,583.15,564.6
1136,2026-01-01,Midwest,Amazon,Shipped,334,5,6,59.31,0.0,SKU-0005,Toys Product 5, Toys ,64.54,59.31,6,Y,355.86,387.24,-31.379999999999995
1136,2026-01-01,Midwest,Amazon,Shipped,335,83,2,269.23,10.22,SKU-0083,Pet Product 83,PET,147.63,269.23,7,Unknown,528.24,295.26,232.98
1137,2026-03-24,West,Amazon,Delivered,336,12,3,61.57,0.0,SKU-0012,Toys Product 12,TOY,132.6,61.57,7,Y,184.71,397.8,-213.08999999999995
1138,2026-03-07,East,Ebay,Delivered,337,4,4,94.28,0.0,SKU-0004,Office Product 4,office,83.61,94.28,1,Unknown,377.12,334.44,42.68000000000001
1139,2026-03-10,Unknown,Amazon,Delivered,338,78,2,71.75,0.0,SKU-0078,Beauty Product 78,BEAUTY,44.31,71.75,1,Y,143.5,88.62,54.88
1140,2026-02-15,West,Shopify,Delivered,339,28,6,206.43,10.44,SKU-0028,Beauty Product 28,BEAUTY,74.82,206.43,6,N,1228.14,448.92,779.2199999999999
1140,2026-02-15,West,Shopify,Delivered,340,27,3,165.39,12.09,SKU-0027,Pet Product 27,PET,33.9,165.39,7,N,484.08,101.7,382.38
1140,2026-02-15,West,Shopify,Delivered,341,130,6,193.14,10.21,SKU-0130,Beauty Product 130,BEAUTY,142.87,193.14,4,N,1148.63,857.22,291.40999999999985
1140,2026-02-15,West,Shopify,Delivered,342,91,6,170.65,0.0,SKU-0091,Office Product 91,OFF,135.82,170.65,4,N,1023.9,814.92,208.98000000000013
1141,2026-03-07,Midwest,Walmart,Cancelled,343,1,1,84.79,0.0,SKU-0001,Home Product 1,Home,134.77,84.79,3,N,84.79,134.77,-49.98
1141,2026-03-07,Midwest,Walmart,Cancelled,344,133,3,214.42,0.0,SKU-0133,Home Product 133, Home ,125.52,214.42,5,Y,643.26,376.56,266.7
1141,2026-03-07,Midwest,Walmart,Cancelled,345,2,5,135.25,0.0,SKU-0002,Home Product 2,HOM,20.21,135.25,1,Y,676.25,101.05,575.2
1141,2026-03-07,Midwest,Walmart,Cancelled,346,81,1,244.17,0.0,SKU-0081,Home Product 81, Home ,43.3,244.17,8,Y,244.17,43.3,200.87
1142,2026-05-11,West,Amazon,Delivered,347,25,1,265.23,0.0,SKU-0025,Sports Product 25,sports,15.14,265.23,2,Y,265.23,15.14,250.09000000000003
1142,2026-05-11,West,Amazon,Delivered,348,36,5,94.39,0.0,SKU-0036,Pet Product 36,pet,78.83,94.39,4,Unknown,471.95,394.15,77.80000000000001
1143,2026-05-04,Unknown,Walmart,Shipped,349,77,1,195.39,11.23,SKU-0077,Home Product 77,HOME,95.2,195.39,6,Y,184.16,95.2,88.96
1144,2026-01-03,Midwest,Shopify,Shipped,350,79,1,234.02,0.0,SKU-0079,Beauty Product 79, Beauty ,111.97,234.02,8,N,234.02,111.97,122.05
1145,2026-05-10,Midwest,Shopify,Delivered,351,101,3,45.81,0.0,SKU-0101,Home Product 101,home,173.83,45.81,1,Y,137.43,521.49,-384.06
1145,2026-05-10,Midwest,Shopify,Delivered,352,122,1,151.15,0.0,SKU-0122,Electronics Product 122,ELECTRONICS,169.69,151.15,2,N,151.15,169.69,-18.539999999999992
1145,2026-05-10,Midwest,Shopify,Delivered,353,22,7,159.69,0.0,SKU-0022,Sports Product 22,SPO,138.34,159.69,2,Unknown,1117.83,968.38,149.44999999999993
1146,2026-03-05,South,Amazon,Shipped,354,83,2,269.23,2.58,SKU-0083,Pet Product 83,PET,147.63,269.23,7,Unknown,535.88,295.26,240.62
1146,2026-03-05,South,Amazon,Shipped,355,109,6,257.52,0.0,SKU-0109,Office Product 109,OFFICE,10.02,257.52,3,N,1545.12,60.12,1485.0
1146,2026-03-05,South,Amazon,Shipped,356,89,1,126.0,0.0,SKU-0089,Electronics Product 89,electronics,150.76,126.0,1,Unknown,126.0,150.76,-24.75999999999999
1146,2026-03-05,South,Amazon,Shipped,357,90,8,115.25,9.72,SKU-0090,Office Product 90, Office ,6.03,115.25,7,Unknown,912.28,48.24,864.04
1147,2026-01-14,East,Amazon,Shipped,358,4,6,94.28,0.0,SKU-0004,Office Product 4,office,83.61,94.28,1,Unknown,565.6800000000001,501.66,64.0200000000001
1147,2026-01-14,East,Amazon,Shipped,359,79,8,234.02,0.0,SKU-0079,Beauty Product 79, Beauty ,111.97,234.02,8,N,1872.16,895.76,976.4
1147,2026-01-14,East,Amazon,Shipped,360,54,4,256.14,0.0,SKU-0054,Pet Product 54,PET,163.43,256.14,2,N,1024.56,653.72,370.8399999999999
1148,2026-01-12,West,Shopify,Cancelled,361,52,5,59.3,0.0,SKU-0052,Home Product 52,Home,134.92,59.3,5,Y,296.5,674.5999999999999,-378.0999999999999
1148,2026-01-12,West,Shopify,Cancelled,362,18,7,60.59,0.0,SKU-0018,Electronics Product 18,Electronics,31.75,60.59,7,Y,424.13,222.25,201.88
1148,2026-01-12,West,Shopify,Cancelled,363,28,1,206.43,5.09,SKU-0028,Beauty Product 28,BEAUTY,74.82,206.43,6,N,201.34,74.82,126.52
1149,2026-04-08,West,Shopify,Delivered,364,125,2,273.92,3.61,SKU-0125,Beauty Product 125,BEA,71.57,273.92,5,Unknown,544.23,143.14,401.09
1149,2026-04-08,West,Shopify,Delivered,365,144,1,194.56,0.0,SKU-0144,Pet Product 144,Pet,10.05,194.56,4,N,194.56,10.05,184.51
1149,2026-04-08,West,Shopify,Delivered,366,86,8,81.83,0.0,SKU-0086,Pet Product 86,Pet,129.87,81.83,6,Y,654.64,1038.96,-384.3200000000001
1150,2026-03-07,West,Amazon,Backordered,367,58,3,57.21,5.79,SKU-0058,Electronics Product 58,ELECTRONICS,106.94,57.21,3,Y,165.84,320.82,-154.98
1150,2026-03-07,West,Amazon,Backordered,368,36,2,94.39,0.0,SKU-0036,Pet Product 36,pet,78.83,94.39,4,Unknown,188.78,157.66,31.120000000000005
1150,2026-03-07,West,Amazon,Backordered,369,107,4,223.34,9.02,SKU-0107,Pet Product 107, Pet ,81.23,223.34,5,Y,884.34,324.92,559.4200000000001
1151,2026-02-21,Unknown,Ebay,Shipped,370,111,3,39.4,0.0,SKU 0111,Electronics Product 111,ELECT,170.91,39.4,7,N,118.2,512.73,-394.53
1151,2026-02-21,Unknown,Ebay,Shipped,371,82,2,243.4,0.0,SKU-0082,Beauty Product 82,Beauty,84.88,243.4,6,Unknown,486.8,169.76,317.04
1152,2026-04-24,Unknown,Shopify,Shipped,372,39,4,129.3,0.0,SKU-0039,Pet Product 39, Pet ,42.41,129.3,1,N,517.2,169.64,347.56000000000006
1152,2026-04-24,Unknown,Shopify,Shipped,373,7,5,292.34,0.0,SKU-0007,Electronics Product 7, Electronics ,98.84,292.34,7,Y,1461.6999999999998,494.2000000000001,967.4999999999998
1152,2026-04-24,Unknown,Shopify,Shipped,374,60,4,115.8,0.0,SKU-0060,Beauty Product 60,beauty,121.71,115.8,7,Y,463.2,486.84,-23.639999999999983
1153,2026-04-10,East,Walmart,Backordered,375,50,4,252.62,0.0,SKU-0050,Kitchen Product 50,KITCHEN,32.61,252.62,5,Y,1010.48,130.44,880.04
1153,2026-04-10,East,Walmart,Backordered,376,70,7,244.86,0.0,SKU-0070,Office Product 70,Office,95.99,244.86,4,Y,1714.02,671.93,1042.09
1154,2026-04-28,Midwest,Walmart,Shipped,377,98,6,285.64,0.0,SKU-0098,Home Product 98,Home,136.99,285.64,4,Unknown,1713.84,821.94,891.8999999999999
1155,2026-04-10,West,Shopify,Delivered,378,75,8,180.3,0.0,SKU-0075,Sports Product 75,sports,80.23,180.3,6,N,1442.4,641.84,800.5600000000001
1155,2026-04-10,West,Shopify,Delivered,379,74,8,130.73,0.0,SKU 0074,Toys Product 74,TOY,104.59,130.73,1,Y,1045.84,836.72,209.1199999999999
1156,2026-05-09,West,Shopify,Delivered,380,101,7,45.81,0.0,SKU-0101,Home Product 101,home,173.83,45.81,1,Y,320.67,1216.8100000000002,-896.1400000000001
1156,2026-05-09,West,Shopify,Delivered,381,46,8,219.11,0.0,SKU-0046,Kitchen Product 46,KITCHEN,40.75,219.11,4,Y,1752.88,326.0,1426.88
1157,2026-01-24,Midwest,Shopify,Delivered,382,22,7,159.69,0.0,SKU-0022,Sports Product 22,SPO,138.34,159.69,2,Unknown,1117.83,968.38,149.44999999999993
1157,2026-01-24,Midwest,Shopify,Delivered,383,97,7,168.73,0.0,SKU-0097,Home Product 97, Home ,8.39,168.73,6,N,1181.11,58.73,1122.38
1157,2026-01-24,Midwest,Shopify,Delivered,384,86,3,81.83,0.0,SKU-0086,Pet Product 86,Pet,129.87,81.83,6,Y,245.49,389.61,-144.12
1158,2026-01-31,West,Shopify,Shipped,385,4,8,94.28,7.97,SKU-0004,Office Product 4,office,83.61,94.28,1,Unknown,746.27,668.88,77.38999999999999
1158,2026-01-31,West,Shopify,Shipped,386,140,1,86.93,9.51,SKU-0140,Electronics Product 140, Electronics ,20.41,86.93,2,Unknown,77.42,20.41,57.010000000000005
1158,2026-01-31,West,Shopify,Shipped,387,61,4,293.22,9.24,SKU-0061,Toys Product 61,toys,156.31,293.22,3,N,1163.64,625.24,538.4000000000001
1159,2026-02-23,East,Shopify,Delivered,388,90,1,115.25,0.0,SKU-0090,Office Product 90, Office ,6.03,115.25,7,Unknown,115.25,6.03,109.22
1160,2026-02-15,South,Shopify,Shipped,389,117,6,293.33,0.0,SKU-0117,Pet Product 117,PET,131.8,293.33,5,Y,1759.98,790.8000000000001,969.18
1160,2026-02-15,South,Shopify,Shipped,390,77,6,195.39,6.16,SKU-0077,Home Product 77,HOME,95.2,195.39,6,Y,1166.1799999999998,571.2,594.9799999999998
1161,2026-04-16,Unknown,Shopify,Delivered,391,15,2,198.21,0.0,SKU-0015,Pet Product 15, Pet ,159.82,198.21,3,Y,396.42,319.64,76.78000000000003
1161,2026-04-16,Unknown,Shopify,Delivered,392,124,5,48.76,0.0,SKU-0124,Sports Product 124,Sports,178.94,48.76,7,Y,243.8,894.7,-650.9000000000001
1162,2026-05-08,West,Shopify,Backordered,393,75,4,180.3,0.0,SKU-0075,Sports Product 75,sports,80.23,180.3,6,N,721.2,320.92,400.28
1162,2026-05-08,West,Shopify,Backordered,394,120,2,229.55,0.0,SKU-0120,Sports Product 120,sports,116.63,229.55,2,Unknown,459.1,233.26,225.84000000000003
1163,2026-02-21,South,Ebay,Shipped,395,79,5,234.02,0.0,SKU-0079,Beauty Product 79, Beauty ,111.97,234.02,8,N,1170.1,559.85,610.2500000000001
1164,2026-02-19,Unknown,Ebay,Cancelled,396,122,1,151.15,10.04,SKU-0122,Electronics Product 122,ELECTRONICS,169.69,151.15,2,N,141.11,169.69,-28.579999999999984
1164,2026-02-19,Unknown,Ebay,Cancelled,397,40,8,90.58,0.0,SKU-0040,Office Product 40,Office,177.43,90.58,8,Y,724.64,1419.44,-694.8000000000001
1164,2026-02-19,Unknown,Ebay,Cancelled,398,119,7,27.97,0.0,SKU-0119,Electronics Product 119,ELECT,27.15,27.97,1,Y,195.79,190.05,5.740000000000009
1164,2026-02-19,Unknown,Ebay,Cancelled,399,134,5,26.36,0.0,SKU-0134,Pet Product 134, Pet ,19.08,26.36,7,N,131.8,95.4,36.40000000000002
1165,2026-01-05,Unknown,Amazon,Shipped,400,91,2,170.65,0.0,SKU-0091,Office Product 91,OFF,135.82,170.65,4,N,341.3,271.64,69.66000000000003
1165,2026-01-05,Unknown,Amazon,Shipped,401,8,6,118.07,0.0,SKU-0008,Sports Product 8,SPO,159.95,118.07,4,N,708.42,959.7,-251.28
1165,2026-01-05,Unknown,Amazon,Shipped,402,147,7,133.41,0.0,SKU-0147,Sports Product 147,SPO,128.45,133.41,8,N,933.87,899.1499999999999,34.72000000000014
1166,2026-04-06,East,Ebay,Backordered,403,45,2,184.44,0.0,SKU-0045,Home Product 45,HOM,48.09,184.44,2,N,368.88,96.18,272.7
1166,2026-04-06,East,Ebay,Backordered,404,52,2,59.3,0.0,SKU-0052,Home Product 52,Home,134.92,59.3,5,Y,118.6,269.84,-151.23999999999998
1166,2026-04-06,East,Ebay,Backordered,405,124,3,48.76,3.66,SKU-0124,Sports Product 124,Sports,178.94,48.76,7,Y,142.62,536.8199999999999,-394.19999999999993
1167,2026-01-10,Unknown,Walmart,Backordered,406,2,5,135.25,0.0,SKU-0002,Home Product 2,HOM,20.21,135.25,1,Y,676.25,101.05,575.2
1168,2026-03-21,South,Shopify,Shipped,407,50,5,252.62,0.0,SKU-0050,Kitchen Product 50,KITCHEN,32.61,252.62,5,Y,1263.1,163.05,1100.05
1168,2026-03-21,South,Shopify,Shipped,408,113,2,84.34,0.0,SKU-0113,Sports Product 113,sports,75.77,84.34,6,N,168.68,151.54,17.140000000000015
1169,2026-03-31,South,Ebay,Delivered,409,73,4,134.83,0.0,SKU-0073,Sports Product 73,SPO,27.28,134.83,7,N,539.32,109.12,430.2000000000001
1169,2026-03-31,South,Ebay,Delivered,410,87,8,124.17,0.0,SKU-0087,Home Product 87,home,31.4,124.17,3,N,993.36,251.2,742.1600000000001
1170,2026-04-25,South,Ebay,Delivered,411,51,2,204.07,14.63,SKU-0051,Electronics Product 51,ELECT,57.39,204.07,3,Y,393.51,114.78,278.73
1170,2026-04-25,South,Ebay,Delivered,412,146,3,199.6,2.3,SKU-0146,Home Product 146, Home ,170.74,199.6,3,N,596.5,512.22,84.27999999999997
1170,2026-04-25,South,Ebay,Delivered,413,25,8,265.23,5.35,SKU-0025,Sports Product 25,sports,15.14,265.23,2,Y,2116.49,121.12,1995.3700000000003
1171,2026-02-16,South,Shopify,Shipped,414,117,8,293.33,1.42,SKU-0117,Pet Product 117,PET,131.8,293.33,5,Y,2345.22,1054.4,1290.8199999999997
1171,2026-02-16,South,Shopify,Shipped,415,29,6,33.25,0.0,SKU-0029,Pet Product 29,Pet,48.38,33.25,1,Y,199.5,290.28000000000003,-90.78000000000004
1171,2026-02-16,South,Shopify,Shipped,416,73,6,134.83,0.0,SKU-0073,Sports Product 73,SPO,27.28,134.83,7,N,808.98,163.68,645.3
1172,2026-04-29,Midwest,Amazon,Backordered,417,63,3,214.86,14.63,SKU-0063,Beauty Product 63,BEAUTY,32.86,214.86,7,Unknown,629.95,98.58,531.37
1172,2026-04-29,Midwest,Amazon,Backordered,418,17,6,299.3,3.92,SKU-0017,Office Product 17,OFFICE,43.38,299.3,8,Y,1791.88,260.28000000000003,1531.6
1173,2026-05-05,West,Amazon,Delivered,419,84,2,150.28,0.0,SKU-0084,Pet Product 84,pet,135.14,150.28,5,Unknown,300.56,270.28,30.28000000000003
1173,2026-05-05,West,Amazon,Delivered,420,79,7,234.02,0.0,SKU-0079,Beauty Product 79, Beauty ,111.97,234.02,8,N,1638.14,783.79,854.3500000000001
1173,2026-05-05,West,Amazon,Delivered,421,98,6,285.64,0.0,SKU-0098,Home Product 98,Home,136.99,285.64,4,Unknown,1713.84,821.94,891.8999999999999
1173,2026-05-05,West,Amazon,Delivered,422,24,4,20.55,0.0,SKU-0024,Electronics Product 24,ELECT,61.73,20.55,6,Unknown,82.2,246.92,-164.71999999999997
1174,2026-02-22,South,Ebay,Shipped,423,112,6,154.88,0.0,SKU-0112,Beauty Product 112, Beauty ,118.03,154.88,1,Y,929.28,708.1800000000001,221.0999999999999
1174,2026-02-22,South,Ebay,Shipped,424,131,7,57.46,0.0,SKU-0131,Home Product 131,HOM,44.34,57.46,5,Unknown,402.22,310.38,91.84000000000005
1174,2026-02-22,South,Ebay,Shipped,425,16,6,168.61,0.0,SKU-0016,Toys Product 16,toys,135.37,168.61,7,Y,1011.66,812.22,199.44000000000003
1175,2026-04-21,Midwest,Amazon,Shipped,426,98,7,285.64,0.0,SKU-0098,Home Product 98,Home,136.99,285.64,4,Unknown,1999.48,958.93,1040.55
1175,2026-04-21,Midwest,Amazon,Shipped,427,45,8,184.44,2.95,SKU-0045,Home Product 45,HOM,48.09,184.44,2,N,1472.57,384.72,1087.85
1175,2026-04-21,Midwest,Amazon,Shipped,428,93,7,277.07,0.0,SKU-0093,Office Product 93,office,152.09,277.07,1,N,1939.49,1064.63,874.8599999999999
1176,2026-01-22,Midwest,Shopify,Shipped,429,109,3,257.52,7.36,SKU-0109,Office Product 109,OFFICE,10.02,257.52,3,N,765.1999999999999,30.06,735.14
1176,2026-01-22,Midwest,Shopify,Shipped,430,142,8,192.45,0.0,SKU-0142,Electronics Product 142,electronics,95.73,192.45,8,N,1539.6,765.84,773.7599999999999
1176,2026-01-22,Midwest,Shopify,Shipped,431,48,7,299.56,9.46,SKU-0048,Home Product 48,Home,85.2,299.56,2,Y,2087.46,596.4,1491.06
1176,2026-01-22,Midwest,Shopify,Shipped,432,61,5,293.22,0.0,SKU-0061,Toys Product 61,toys,156.31,293.22,3,N,1466.1,781.55,684.5500000000002
1177,2026-02-06,West,Shopify,Shipped,433,120,2,229.55,0.0,SKU-0120,Sports Product 120,sports,116.63,229.55,2,Unknown,459.1,233.26,225.84000000000003
1177,2026-02-06,West,Shopify,Shipped,434,63,8,214.86,0.0,SKU-0063,Beauty Product 63,BEAUTY,32.86,214.86,7,Unknown,1718.88,262.88,1456.0
1177,2026-02-06,West,Shopify,Shipped,435,139,5,156.21,0.0,SKU-0139,Toys Product 139,TOYS,77.04,156.21,7,Unknown,781.0500000000001,385.2000000000001,395.85
1178,2026-04-01,East,Ebay,Cancelled,436,78,5,71.75,1.86,SKU-0078,Beauty Product 78,BEAUTY,44.31,71.75,1,Y,356.89,221.55,135.33999999999995
1179,2026-01-14,Unknown,Ebay,Shipped,437,74,8,130.73,0.0,SKU 0074,Toys Product 74,TOY,104.59,130.73,1,Y,1045.84,836.72,209.1199999999999
1180,2026-02-14,East,Shopify,Delivered,438,95,3,75.32,0.0,SKU-0095,Electronics Product 95,ELECTRONICS,71.34,75.32,6,Y,225.96,214.02,11.93999999999997
1180,2026-02-14,East,Shopify,Delivered,439,125,3,273.92,0.0,SKU-0125,Beauty Product 125,BEA,71.57,273.92,5,Unknown,821.76,214.71,607.05
1180,2026-02-14,East,Shopify,Delivered,440,88,2,109.3,0.0,SKU-0088,Beauty Product 88,Beauty,77.6,109.3,8,N,218.6,155.2,63.400000000000006
1180,2026-02-14,East,Shopify,Delivered,441,127,7,38.14,0.0,SKU-0127,Beauty Product 127,beauty,51.31,38.14,4,N,266.98,359.17,-92.19
1181,2026-01-30,Midwest,Shopify,Delivered,442,122,5,151.15,0.0,SKU-0122,Electronics Product 122,ELECTRONICS,169.69,151.15,2,N,755.75,848.45,-92.70000000000005
1181,2026-01-30,Midwest,Shopify,Delivered,443,98,7,285.64,0.0,SKU-0098,Home Product 98,Home,136.99,285.64,4,Unknown,1999.48,958.93,1040.55
1181,2026-01-30,Midwest,Shopify,Delivered,444,136,7,230.54,1.17,SKU-0136,Sports Product 136,SPO,12.04,230.54,8,Y,1612.61,84.28,1528.33
1181,2026-01-30,Midwest,Shopify,Delivered,445,98,6,285.64,0.0,SKU-0098,Home Product 98,Home,136.99,285.64,4,Unknown,1713.84,821.94,891.8999999999999
1182,2026-03-11,South,Amazon,Cancelled,446,119,4,27.97,0.0,SKU-0119,Electronics Product 119,ELECT,27.15,27.97,1,Y,111.88,108.6,3.280000000000001
1182,2026-03-11,South,Amazon,Cancelled,447,134,6,26.36,0.0,SKU-0134,Pet Product 134, Pet ,19.08,26.36,7,N,158.16,114.48,43.68000000000001
1182,2026-03-11,South,Amazon,Cancelled,448,81,1,244.17,0.0,SKU-0081,Home Product 81, Home ,43.3,244.17,8,Y,244.17,43.3,200.87
1182,2026-03-11,South,Amazon,Cancelled,449,4,7,94.28,0.0,SKU-0004,Office Product 4,office,83.61,94.28,1,Unknown,659.96,585.27,74.69000000000005
1183,2026-03-31,South,Shopify,Shipped,450,50,1,252.62,0.0,SKU-0050,Kitchen Product 50,KITCHEN,32.61,252.62,5,Y,252.62,32.61,220.01
1183,2026-03-31,South,Shopify,Shipped,451,15,4,198.21,0.0,SKU-0015,Pet Product 15, Pet ,159.82,198.21,3,Y,792.84,639.28,153.56000000000006
1183,2026-03-31,South,Shopify,Shipped,452,31,2,35.19,0.0,SKU-0031,Home Product 31,Home,155.44,35.19,4,Y,70.38,310.88,-240.5
1184,2026-03-17,West,Shopify,Backordered,453,71,7,277.42,0.0,SKU-0071,Office Product 71,Office,171.05,277.42,6,N,1941.94,1197.35,744.5899999999999
1184,2026-03-17,West,Shopify,Backordered,454,66,3,94.55,0.0,SKU-0066,Sports Product 66,Sports,174.21,94.55,7,N,283.65,522.63,-238.98
1184,2026-03-17,West,Shopify,Backordered,455,16,7,168.61,0.0,SKU-0016,Toys Product 16,toys,135.37,168.61,7,Y,1180.27,947.59,232.67999999999995
1184,2026-03-17,West,Shopify,Backordered,456,67,5,291.56,0.0,SKU-0067,Kitchen Product 67,Kitchen,25.18,291.56,3,Y,1457.8,125.9,1331.9
1185,2026-04-21,Unknown,Amazon,Shipped,457,114,5,171.86,0.0,SKU-0114,Kitchen Product 114, Kitchen ,179.41,171.86,6,N,859.3000000000001,897.05,-37.749999999999886
1186,2026-04-10,Unknown,Shopify,Cancelled,458,101,1,45.81,8.22,SKU-0101,Home Product 101,home,173.83,45.81,1,Y,37.59,173.83,-136.24
1186,2026-04-10,Unknown,Shopify,Cancelled,459,123,7,210.64,0.0,SKU-0123,Pet Product 123,Pet,105.98,210.64,3,N,1474.48,741.86,732.62
1186,2026-04-10,Unknown,Shopify,Cancelled,460,139,4,156.21,1.05,SKU-0139,Toys Product 139,TOYS,77.04,156.21,7,Unknown,623.7900000000001,308.16,315.63000000000005
1187,2026-03-29,South,Walmart,Delivered,461,46,1,219.11,0.0,SKU-0046,Kitchen Product 46,KITCHEN,40.75,219.11,4,Y,219.11,40.75,178.36
1187,2026-03-29,South,Walmart,Delivered,462,77,7,195.39,0.0,SKU-0077,Home Product 77,HOME,95.2,195.39,6,Y,1367.73,666.4,701.33
1188,2026-03-03,West,Walmart,Backordered,463,128,8,143.39,0.0,SKU-0128,Home Product 128,home,5.47,143.39,8,Y,1147.12,43.76,1103.36
1188,2026-03-03,West,Walmart,Backordered,464,10,6,144.22,0.0,SKU-0010,Beauty Product 10,Beauty,71.52,144.22,6,N,865.3199999999999,429.12,436.19999999999993
1188,2026-03-03,West,Walmart,Backordered,465,104,2,199.55,3.96,SKU-0104,Office Product 104,OFFICE,17.07,199.55,1,Unknown,395.14,34.14,361.00000000000006
1189,2026-05-06,Midwest,Amazon,Shipped,466,63,3,214.86,0.0,SKU-0063,Beauty Product 63,BEAUTY,32.86,214.86,7,Unknown,644.58,98.58,546.0
1190,2026-05-08,East,Amazon,Delivered,467,52,7,59.3,5.72,SKU-0052,Home Product 52,Home,134.92,59.3,5,Y,409.38,944.44,-535.06
1191,2026-02-14,West,Amazon,Cancelled,468,37,7,258.95,0.0,SKU 0037,Home Product 37, Home ,146.4,258.95,2,Y,1812.65,1024.8,787.8499999999999
1191,2026-02-14,West,Amazon,Cancelled,469,142,3,192.45,0.0,SKU-0142,Electronics Product 142,electronics,95.73,192.45,8,N,577.3499999999999,287.19,290.1599999999999
1191,2026-02-14,West,Amazon,Cancelled,470,35,2,46.14,12.07,SKU-0035,Office Product 35,OFFICE,145.1,46.14,4,N,80.21000000000001,290.2,-209.99
1192,2026-01-05,West,Amazon,Backordered,471,46,2,219.11,0.0,SKU-0046,Kitchen Product 46,KITCHEN,40.75,219.11,4,Y,438.22,81.5,356.72
1193,2026-04-26,East,Shopify,Backordered,472,47,8,100.5,0.0,SKU-0047,Office Product 47,office,122.55,100.5,6,Unknown,804.0,980.4,-176.39999999999998
1194,2026-01-25,West,Ebay,Delivered,473,119,4,27.97,0.0,SKU-0119,Electronics Product 119,ELECT,27.15,27.97,1,Y,111.88,108.6,3.280000000000001
1194,2026-01-25,West,Ebay,Delivered,474,29,3,33.25,10.59,SKU-0029,Pet Product 29,Pet,48.38,33.25,1,Y,89.16,145.14,-55.98000000000002
1195,2026-02-23,South,Ebay,Backordered,475,12,2,61.57,0.0,SKU-0012,Toys Product 12,TOY,132.6,61.57,7,Y,123.14,265.2,-142.06
1195,2026-02-23,South,Ebay,Backordered,476,41,1,153.7,0.0,SKU-0041,Office Product 41,OFF,120.83,153.7,4,Y,153.7,120.83,32.86999999999999
1195,2026-02-23,South,Ebay,Backordered,477,19,4,298.89,0.0,SKU-0019,Home Product 19, Home ,71.78,298.89,5,Y,1195.56,287.12,908.44
1195,2026-02-23,South,Ebay,Backordered,478,108,4,143.48,0.0,SKU-0108,Beauty Product 108,Beauty,53.81,143.48,8,Y,573.92,215.24,358.67999999999995
1196,2026-02-26,West,Walmart,Delivered,479,14,7,33.86,3.03,SKU-0014,Electronics Product 14,ELECTRONICS,75.2,33.86,6,N,233.99,526.4,-292.41
1196,2026-02-26,West,Walmart,Delivered,480,46,7,219.11,6.23,SKU-0046,Kitchen Product 46,KITCHEN,40.75,219.11,4,Y,1527.54,285.25,1242.29
1196,2026-02-26,West,Walmart,Delivered,481,50,6,252.62,0.0,SKU-0050,Kitchen Product 50,KITCHEN,32.61,252.62,5,Y,1515.72,195.66,1320.06
1196,2026-02-26,West,Walmart,Delivered,482,86,3,81.83,0.0,SKU-0086,Pet Product 86,Pet,129.87,81.83,6,Y,245.49,389.61,-144.12
1197,2026-03-17,Unknown,Shopify,Delivered,483,148,4,124.32,2.21,SKU 0148,Beauty Product 148, Beauty ,101.47,124.32,3,Unknown,495.07,405.88,89.19
1197,2026-03-17,Unknown,Shopify,Delivered,484,56,8,172.23,0.0,SKU-0056,Sports Product 56,sports,134.72,172.23,7,Y,1377.84,1077.76,300.0799999999999
1198,2026-02-26,West,Shopify,Delivered,485,107,1,223.34,1.56,SKU-0107,Pet Product 107, Pet ,81.23,223.34,5,Y,221.78,81.23,140.55
1199,2026-05-07,West,Amazon,Shipped,486,105,4,288.82,0.0,SKU-0105,Office Product 105, Office ,23.47,288.82,8,N,1155.28,93.88,1061.4
1200,2026-01-07,East,Walmart,Backordered,487,48,6,299.56,0.0,SKU-0048,Home Product 48,Home,85.2,299.56,2,Y,1797.36,511.2000000000001,1286.16
1200,2026-01-07,East,Walmart,Backordered,488,19,7,298.89,0.0,SKU-0019,Home Product 19, Home ,71.78,298.89,5,Y,2092.23,502.46,1589.77
1200,2026-01-07,East,Walmart,Backordered,489,136,1,230.54,0.0,SKU-0136,Sports Product 136,SPO,12.04,230.54,8,Y,230.54,12.04,218.5
1200,2026-01-07,East,Walmart,Backordered,490,139,4,156.21,0.0,SKU-0139,Toys Product 139,TOYS,77.04,156.21,7,Unknown,624.84,308.16,316.68
1201,2026-04-09,West,Walmart,Cancelled,491,94,6,53.67,0.0,SKU-0094,Electronics Product 94,Electronics,117.48,53.67,8,N,322.02,704.88,-382.86
1202,2026-02-22,East,Ebay,Shipped,492,123,4,210.64,0.0,SKU-0123,Pet Product 123,Pet,105.98,210.64,3,N,842.56,423.92,418.63999999999993
1203,2026-03-30,West,Walmart,Backordered,493,121,5,151.43,0.0,SKU-0121,Electronics Product 121,ELECT,54.76,151.43,6,N,757.1500000000001,273.8,483.3500000000001
1204,2026-02-15,West,Amazon,Cancelled,494,71,2,277.42,10.76,SKU-0071,Office Product 71,Office,171.05,277.42,6,N,544.08,342.1,201.98
1204,2026-02-15,West,Amazon,Cancelled,495,39,4,129.3,0.0,SKU-0039,Pet Product 39, Pet ,42.41,129.3,1,N,517.2,169.64,347.56000000000006
1205,2026-02-03,Midwest,Ebay,Backordered,496,6,5,256.54,0.0,SKU-0006,Home Product 6, Home ,21.93,256.54,5,Unknown,1282.7,109.65,1173.05
1205,2026-02-03,Midwest,Ebay,Backordered,497,60,6,115.8,0.0,SKU-0060,Beauty Product 60,beauty,121.71,115.8,7,Y,694.8,730.26,-35.46000000000004
1205,2026-02-03,Midwest,Ebay,Backordered,498,84,8,150.28,9.31,SKU-0084,Pet Product 84,pet,135.14,150.28,5,Unknown,1192.93,1081.12,111.81000000000016
1205,2026-02-03,Midwest,Ebay,Backordered,499,118,5,150.47,0.0,SKU-0118,Beauty Product 118,BEAUTY,44.81,0.0,3,Y,752.35,224.05,528.3
1206,2026-03-14,West,Shopify,Backordered,500,138,5,106.5,0.0,SKU-0138,Pet Product 138,PET,76.46,106.5,2,Unknown,532.5,382.3,150.20000000000005
1206,2026-03-14,West,Shopify,Backordered,501,40,3,90.58,0.0,SKU-0040,Office Product 40,Office,177.43,90.58,8,Y,271.74,532.29,-260.54999999999995
1207,2026-03-30,Midwest,Ebay,Shipped,502,137,5,181.82,0.0,SKU-0137,Pet Product 137,PET,36.76,181.82,8,Y,909.1,183.8,725.3
1207,2026-03-30,Midwest,Ebay,Shipped,503,104,8,199.55,11.76,SKU-0104,Office Product 104,OFFICE,17.07,199.55,1,Unknown,1584.64,136.56,1448.0800000000002
1208,2026-05-02,Unknown,Amazon,Cancelled,504,145,8,172.39,0.0,SKU-0145,Toys Product 145,TOYS,101.4,172.39,2,N,1379.12,811.2,567.9199999999998
1208,2026-05-02,Unknown,Amazon,Cancelled,505,123,1,210.64,0.0,SKU-0123,Pet Product 123,Pet,105.98,210.64,3,N,210.64,105.98,104.65999999999998
1209,2026-04-13,Midwest,Shopify,Delivered,506,24,6,20.55,0.0,SKU-0024,Electronics Product 24,ELECT,61.73,20.55,6,Unknown,123.3,370.38,-247.08
1209,2026-04-13,Midwest,Shopify,Delivered,507,150,4,100.09,0.0,SKU-0150,Sports Product 150,Sports,54.5,100.09,8,Unknown,400.36,218.0,182.36
1209,2026-04-13,Midwest,Shopify,Delivered,508,51,1,204.07,2.17,SKU-0051,Electronics Product 51,ELECT,57.39,204.07,3,Y,201.9,57.39,144.51
1210,2026-05-11,South,Shopify,Delivered,509,38,7,256.88,0.0,SKU-0038,Electronics Product 38,Electronics,167.11,256.88,3,N,1798.16,1169.77,628.3899999999999
1210,2026-05-11,South,Shopify,Delivered,510,4,5,94.28,0.0,SKU-0004,Office Product 4,office,83.61,94.28,1,Unknown,471.4,418.05,53.349999999999966
1210,2026-05-11,South,Shopify,Delivered,511,115,2,80.7,4.02,SKU-0115,Pet Product 115,PET,58.66,80.7,4,Y,157.38,117.32,40.06
1210,2026-05-11,South,Shopify,Delivered,512,107,8,223.34,5.04,SKU-0107,Pet Product 107, Pet ,81.23,223.34,5,Y,1781.68,649.84,1131.84
1211,2026-03-27,Midwest,Amazon,Delivered,513,2,7,135.25,0.0,SKU-0002,Home Product 2,HOM,20.21,135.25,1,Y,946.75,141.47,805.28
1212,2026-04-08,Midwest,Amazon,Cancelled,514,78,5,71.75,7.92,SKU-0078,Beauty Product 78,BEAUTY,44.31,71.75,1,Y,350.83,221.55,129.27999999999997
1213,2026-01-01,South,Ebay,Shipped,515,32,5,221.16,6.84,SKU-0032,Pet Product 32,pet,99.37,221.16,8,N,1098.96,496.85,602.11
1213,2026-01-01,South,Ebay,Shipped,516,63,1,214.86,0.0,SKU-0063,Beauty Product 63,BEAUTY,32.86,214.86,7,Unknown,214.86,32.86,182.0
1213,2026-01-01,South,Ebay,Shipped,517,127,2,38.14,0.0,SKU-0127,Beauty Product 127,beauty,51.31,38.14,4,N,76.28,102.62,-26.340000000000003
1213,2026-01-01,South,Ebay,Shipped,518,149,8,258.51,0.0,SKU-0149,Home Product 149,HOME,140.22,258.51,6,Unknown,2068.08,1121.76,946.32
1214,2026-02-11,East,Amazon,Delivered,519,119,3,27.97,0.0,SKU-0119,Electronics Product 119,ELECT,27.15,27.97,1,Y,83.91,81.44999999999999,2.460000000000008
1214,2026-02-11,East,Amazon,Delivered,520,70,6,244.86,0.0,SKU-0070,Office Product 70,Office,95.99,244.86,4,Y,1469.16,575.9399999999999,893.2200000000001
1214,2026-02-11,East,Amazon,Delivered,521,13,5,236.16,0.0,SKU-0013,Beauty Product 13,BEAUTY,152.5,236.16,4,Unknown,1180.8,762.5,418.3
1215,2026-03-19,Unknown,Shopify,Cancelled,522,25,6,265.23,0.0,SKU-0025,Sports Product 25,sports,15.14,265.23,2,Y,1591.38,90.84,1500.5400000000002
1215,2026-03-19,Unknown,Shopify,Cancelled,523,36,5,94.39,6.22,SKU-0036,Pet Product 36,pet,78.83,94.39,4,Unknown,465.73,394.15,71.57999999999998
1215,2026-03-19,Unknown,Shopify,Cancelled,524,106,6,65.2,0.0,SKU-0106,Toys Product 106, Toys ,64.54,65.2,5,Y,391.2000000000001,387.24,3.960000000000037
1216,2026-04-28,East,Amazon,Delivered,525,123,6,210.64,0.0,SKU-0123,Pet Product 123,Pet,105.98,210.64,3,N,1263.84,635.88,627.9599999999999
1217,2026-01-31,Unknown,Shopify,Shipped,526,59,5,48.83,0.0,SKU-0059,Sports Product 59,SPORTS,162.32,0.0,1,Y,244.15,811.5999999999999,-567.4499999999999
1217,2026-01-31,Unknown,Shopify,Shipped,527,109,2,257.52,2.09,SKU-0109,Office Product 109,OFFICE,10.02,257.52,3,N,512.9499999999999,20.04,492.9099999999999
1218,2026-01-31,West,Amazon,Cancelled,528,3,2,22.56,0.0,SKU-0003,Beauty Product 3,beauty,93.44,22.56,4,N,45.12,186.88,-141.76
1218,2026-01-31,West,Amazon,Cancelled,529,52,3,59.3,0.0,SKU-0052,Home Product 52,Home,134.92,59.3,5,Y,177.89999999999998,404.76,-226.86
1218,2026-01-31,West,Amazon,Cancelled,530,24,3,20.55,0.0,SKU-0024,Electronics Product 24,ELECT,61.73,20.55,6,Unknown,61.650000000000006,185.19,-123.54
1219,2026-03-31,West,Shopify,Cancelled,531,130,2,193.14,0.0,SKU-0130,Beauty Product 130,BEAUTY,142.87,193.14,4,N,386.28,285.74,100.53999999999996
1219,2026-03-31,West,Shopify,Cancelled,532,136,4,230.54,0.0,SKU-0136,Sports Product 136,SPO,12.04,230.54,8,Y,922.16,48.16,874.0
1220,2026-02-17,West,Shopify,Backordered,533,91,7,170.65,0.0,SKU-0091,Office Product 91,OFF,135.82,170.65,4,N,1194.55,950.74,243.81
1220,2026-02-17,West,Shopify,Backordered,534,105,2,288.82,0.0,SKU-0105,Office Product 105, Office ,23.47,288.82,8,N,577.64,46.94,530.7
1221,2026-01-11,Midwest,Ebay,Delivered,535,99,5,50.97,0.0,SKU-0099,Electronics Product 99,ELECT,31.67,50.97,2,Y,254.85,158.35000000000002,96.49999999999996
1222,2026-05-02,East,Ebay,Shipped,536,126,2,32.17,0.0,SKU-0126,Office Product 126,OFFICE,104.51,32.17,2,Unknown,64.34,209.02,-144.68
1223,2026-04-04,East,Ebay,Shipped,537,32,4,221.16,12.73,SKU-0032,Pet Product 32,pet,99.37,221.16,8,N,871.91,397.48,474.43
1223,2026-04-04,East,Ebay,Shipped,538,72,5,205.06,11.59,SKU-0072,Home Product 72,HOME,93.75,205.06,6,N,1013.71,468.75,544.9599999999999
1223,2026-04-04,East,Ebay,Shipped,539,92,8,23.27,10.33,SKU-0092,Beauty Product 92,BEAUTY,81.27,23.27,6,N,175.82999999999998,650.16,-474.33
1223,2026-04-04,East,Ebay,Shipped,540,125,5,273.92,3.06,SKU-0125,Beauty Product 125,BEA,71.57,273.92,5,Unknown,1366.5400000000002,357.85,1008.6900000000004
1224,2026-01-14,Unknown,Walmart,Delivered,541,46,7,219.11,0.0,SKU-0046,Kitchen Product 46,KITCHEN,40.75,219.11,4,Y,1533.77,285.25,1248.52
1225,2026-02-21,Midwest,Shopify,Cancelled,542,130,5,193.14,0.0,SKU-0130,Beauty Product 130,BEAUTY,142.87,193.14,4,N,965.7,714.35,251.3499999999999
1225,2026-02-21,Midwest,Shopify,Cancelled,543,9,7,235.32,0.0,SKU-0009,Home Product 9,Home,120.72,235.32,2,Unknown,1647.24,845.04,802.2
1225,2026-02-21,Midwest,Shopify,Cancelled,544,99,8,50.97,5.4,SKU-0099,Electronics Product 99,ELECT,31.67,50.97,2,Y,402.36,253.36,149.0
1225,2026-02-21,Midwest,Shopify,Cancelled,545,114,8,171.86,0.0,SKU-0114,Kitchen Product 114, Kitchen ,179.41,171.86,6,N,1374.88,1435.28,-60.39999999999986
1226,2026-03-19,Midwest,Shopify,Shipped,546,35,5,46.14,11.02,SKU-0035,Office Product 35,OFFICE,145.1,46.14,4,N,219.68,725.5,-505.8200000000001
1226,2026-03-19,Midwest,Shopify,Shipped,547,29,8,33.25,10.24,SKU-0029,Pet Product 29,Pet,48.38,33.25,1,Y,255.76,387.04,-131.28000000000003
1226,2026-03-19,Midwest,Shopify,Shipped,548,122,3,151.15,8.09,SKU-0122,Electronics Product 122,ELECTRONICS,169.69,151.15,2,N,445.36000000000007,509.07,-63.70999999999992
1226,2026-03-19,Midwest,Shopify,Shipped,549,68,8,138.85,9.27,SKU-0068,Sports Product 68,Sports,23.97,138.85,6,N,1101.53,191.76,909.77
1227,2026-01-12,South,Ebay,Shipped,550,88,7,109.3,0.0,SKU-0088,Beauty Product 88,Beauty,77.6,109.3,8,N,765.1,543.1999999999999,221.9000000000001
1228,2026-01-22,South,Amazon,Shipped,551,87,3,124.17,0.0,SKU-0087,Home Product 87,home,31.4,124.17,3,N,372.51,94.2,278.31
1229,2026-01-06,West,Walmart,Cancelled,552,83,2,269.23,0.0,SKU-0083,Pet Product 83,PET,147.63,269.23,7,Unknown,538.46,295.26,243.20000000000005
1229,2026-01-06,West,Walmart,Cancelled,553,53,6,73.03,0.0,SKU-0053,Beauty Product 53,BEAUTY,81.27,73.03,5,Y,438.18,487.62,-49.44
1229,2026-01-06,West,Walmart,Cancelled,554,43,5,277.03,6.09,SKU-0043,Electronics Product 43,ELECT,88.44,277.03,3,Y,1379.06,442.2,936.86
1229,2026-01-06,West,Walmart,Cancelled,555,52,8,59.3,0.0,SKU-0052,Home Product 52,Home,134.92,59.3,5,Y,474.4,1079.36,-604.9599999999999
1230,2026-02-24,West,Ebay,Cancelled,556,147,7,133.41,0.0,SKU-0147,Sports Product 147,SPO,128.45,133.41,8,N,933.87,899.1499999999999,34.72000000000014
1230,2026-02-24,West,Ebay,Cancelled,557,149,2,258.51,0.0,SKU-0149,Home Product 149,HOME,140.22,258.51,6,Unknown,517.02,280.44,236.58
1230,2026-02-24,West,Ebay,Cancelled,558,18,8,60.59,0.0,SKU-0018,Electronics Product 18,Electronics,31.75,60.59,7,Y,484.72,254.0,230.72000000000003
1231,2026-03-19,Midwest,Ebay,Delivered,559,52,7,59.3,6.63,SKU-0052,Home Product 52,Home,134.92,59.3,5,Y,408.47,944.44,-535.97
1231,2026-03-19,Midwest,Ebay,Delivered,560,141,3,15.33,0.0,SKU-0141,Office Product 141,OFF,149.36,15.33,8,N,45.99,448.08,-402.09
1231,2026-03-19,Midwest,Ebay,Delivered,561,148,8,124.32,3.98,SKU 0148,Beauty Product 148, Beauty ,101.47,124.32,3,Unknown,990.58,811.76,178.81999999999994
1232,2026-02-21,East,Walmart,Cancelled,562,39,5,129.3,12.82,SKU-0039,Pet Product 39, Pet ,42.41,129.3,1,N,633.68,212.05,421.63
1232,2026-02-21,East,Walmart,Cancelled,563,82,2,243.4,9.87,SKU-0082,Beauty Product 82,Beauty,84.88,243.4,6,Unknown,476.93,169.76,307.17
1233,2026-03-15,South,Shopify,Shipped,564,104,4,199.55,0.0,SKU-0104,Office Product 104,OFFICE,17.07,199.55,1,Unknown,798.2,68.28,729.9200000000001
1233,2026-03-15,South,Shopify,Shipped,565,8,4,118.07,0.0,SKU-0008,Sports Product 8,SPO,159.95,118.07,4,N,472.28,639.8,-167.51999999999998
1234,2026-03-11,South,Amazon,Shipped,566,141,3,15.33,0.0,SKU-0141,Office Product 141,OFF,149.36,15.33,8,N,45.99,448.08,-402.09
1234,2026-03-11,South,Amazon,Shipped,567,125,1,273.92,0.0,SKU-0125,Beauty Product 125,BEA,71.57,273.92,5,Unknown,273.92,71.57,202.35
1234,2026-03-11,South,Amazon,Shipped,568,81,5,244.17,13.14,SKU-0081,Home Product 81, Home ,43.3,244.17,8,Y,1207.7099999999998,216.5,991.2099999999998
1235,2026-05-09,Unknown,Amazon,Delivered,569,128,2,143.39,0.0,SKU-0128,Home Product 128,home,5.47,143.39,8,Y,286.78,10.94,275.84
1235,2026-05-09,Unknown,Amazon,Delivered,570,81,6,244.17,12.65,SKU-0081,Home Product 81, Home ,43.3,244.17,8,Y,1452.37,259.79999999999995,1192.57
1235,2026-05-09,Unknown,Amazon,Delivered,571,61,7,293.22,0.0,SKU-0061,Toys Product 61,toys,156.31,293.22,3,N,2052.54,1094.17,958.37
1236,2026-04-06,South,Amazon,Shipped,572,122,4,151.15,0.0,SKU-0122,Electronics Product 122,ELECTRONICS,169.69,151.15,2,N,604.6,678.76,-74.15999999999997
1236,2026-04-06,South,Amazon,Shipped,573,93,8,277.07,0.0,SKU-0093,Office Product 93,office,152.09,277.07,1,N,2216.56,1216.72,999.84
1236,2026-04-06,South,Amazon,Shipped,574,6,1,256.54,0.0,SKU-0006,Home Product 6, Home ,21.93,256.54,5,Unknown,256.54,21.93,234.61
1236,2026-04-06,South,Amazon,Shipped,575,62,5,109.67,0.0,SKU-0062,Electronics Product 62,electronics,133.9,109.67,7,Unknown,548.35,669.5,-121.14999999999998
1237,2026-04-10,South,Walmart,Delivered,576,24,4,20.55,0.0,SKU-0024,Electronics Product 24,ELECT,61.73,20.55,6,Unknown,82.2,246.92,-164.71999999999997
1237,2026-04-10,South,Walmart,Delivered,577,113,6,84.34,13.31,SKU-0113,Sports Product 113,sports,75.77,84.34,6,N,492.73,454.62,38.110000000000014
1237,2026-04-10,South,Walmart,Delivered,578,9,5,235.32,13.13,SKU-0009,Home Product 9,Home,120.72,235.32,2,Unknown,1163.4699999999998,603.6,559.8699999999998
1238,2026-03-08,South,Amazon,Delivered,579,141,6,15.33,0.0,SKU-0141,Office Product 141,OFF,149.36,15.33,8,N,91.98,896.1600000000001,-804.1800000000001
1238,2026-03-08,South,Amazon,Delivered,580,14,3,33.86,0.0,SKU-0014,Electronics Product 14,ELECTRONICS,75.2,33.86,6,N,101.58,225.6,-124.02000000000002
1238,2026-03-08,South,Amazon,Delivered,581,1,7,84.79,0.0,SKU-0001,Home Product 1,Home,134.77,84.79,3,N,593.5300000000001,943.39,-349.86
1238,2026-03-08,South,Amazon,Delivered,582,81,2,244.17,0.0,SKU-0081,Home Product 81, Home ,43.3,244.17,8,Y,488.34,86.6,401.74
1239,2026-02-04,Unknown,Shopify,Cancelled,583,73,4,134.83,0.0,SKU-0073,Sports Product 73,SPO,27.28,134.83,7,N,539.32,109.12,430.2000000000001
1239,2026-02-04,Unknown,Shopify,Cancelled,584,47,7,100.5,0.0,SKU-0047,Office Product 47,office,122.55,100.5,6,Unknown,703.5,857.85,-154.35000000000002
1239,2026-02-04,Unknown,Shopify,Cancelled,585,6,1,256.54,0.0,SKU-0006,Home Product 6, Home ,21.93,256.54,5,Unknown,256.54,21.93,234.61
1240,2026-04-29,Unknown,Ebay,Shipped,586,13,7,236.16,0.0,SKU-0013,Beauty Product 13,BEAUTY,152.5,236.16,4,Unknown,1653.12,1067.5,585.6199999999999
1240,2026-04-29,Unknown,Ebay,Shipped,587,39,2,129.3,0.0,SKU-0039,Pet Product 39, Pet ,42.41,129.3,1,N,258.6,84.82,173.78000000000003
1241,2026-02-27,East,Shopify,Shipped,588,74,8,130.73,6.35,SKU 0074,Toys Product 74,TOY,104.59,130.73,1,Y,1039.49,836.72,202.77
1241,2026-02-27,East,Shopify,Shipped,589,53,4,73.03,0.0,SKU-0053,Beauty Product 53,BEAUTY,81.27,73.03,5,Y,292.12,325.08,-32.95999999999998
1241,2026-02-27,East,Shopify,Shipped,590,49,7,280.98,0.0,SKU-0049,Beauty Product 49,BEA,51.41,280.98,2,N,1966.86,359.87,1606.9900000000002
1242,2026-04-28,Midwest,Amazon,Delivered,591,83,7,269.23,10.62,SKU-0083,Pet Product 83,PET,147.63,269.23,7,Unknown,1873.99,1033.41,840.5800000000004
1242,2026-04-28,Midwest,Amazon,Delivered,592,109,5,257.52,0.0,SKU-0109,Office Product 109,OFFICE,10.02,257.52,3,N,1287.6,50.1,1237.5
1243,2026-03-06,Midwest,Amazon,Delivered,593,102,6,71.52,0.0,SKU-0102,Office Product 102, Office ,169.76,71.52,4,Y,429.12,1018.56,-589.4399999999999
1243,2026-03-06,Midwest,Amazon,Delivered,594,149,3,258.51,4.64,SKU-0149,Home Product 149,HOME,140.22,258.51,6,Unknown,770.89,420.66,350.23
1243,2026-03-06,Midwest,Amazon,Delivered,595,87,8,124.17,0.0,SKU-0087,Home Product 87,home,31.4,124.17,3,N,993.36,251.2,742.1600000000001
1244,2026-04-03,South,Ebay,Backordered,596,133,6,214.42,0.0,SKU-0133,Home Product 133, Home ,125.52,214.42,5,Y,1286.52,753.12,533.4
1244,2026-04-03,South,Ebay,Backordered,597,81,8,244.17,0.0,SKU-0081,Home Product 81, Home ,43.3,244.17,8,Y,1953.36,346.4,1606.96
1244,2026-04-03,South,Ebay,Backordered,598,143,8,171.53,0.0,SKU-0143,Pet Product 143,Pet,40.62,171.53,5,N,1372.24,324.96,1047.28
1245,2026-01-30,Midwest,Amazon,Backordered,599,144,8,194.56,0.0,SKU-0144,Pet Product 144,Pet,10.05,194.56,4,N,1556.48,80.4,1476.08
1245,2026-01-30,Midwest,Amazon,Backordered,600,38,2,256.88,0.0,SKU-0038,Electronics Product 38,Electronics,167.11,256.88,3,N,513.76,334.22,179.53999999999996
1245,2026-01-30,Midwest,Amazon,Backordered,601,73,3,134.83,0.0,SKU-0073,Sports Product 73,SPO,27.28,134.83,7,N,404.49,81.84,322.65
1246,2026-01-20,Unknown,Walmart,Shipped,602,85,1,163.57,0.0,SKU-0085,Beauty Product 85,BEAUTY,139.02,163.57,4,Y,163.57,139.02,24.549999999999983
1247,2026-01-21,Unknown,Shopify,Backordered,603,117,5,293.33,0.0,SKU-0117,Pet Product 117,PET,131.8,293.33,5,Y,1466.65,659.0,807.6499999999999
1247,2026-01-21,Unknown,Shopify,Backordered,604,85,1,163.57,10.19,SKU-0085,Beauty Product 85,BEAUTY,139.02,163.57,4,Y,153.38,139.02,14.359999999999983
1247,2026-01-21,Unknown,Shopify,Backordered,605,84,3,150.28,0.0,SKU-0084,Pet Product 84,pet,135.14,150.28,5,Unknown,450.84,405.42,45.42000000000007
1247,2026-01-21,Unknown,Shopify,Backordered,606,73,6,134.83,0.0,SKU-0073,Sports Product 73,SPO,27.28,134.83,7,N,808.98,163.68,645.3
1248,2026-01-06,Midwest,Shopify,Shipped,607,73,3,134.83,2.69,SKU-0073,Sports Product 73,SPO,27.28,134.83,7,N,401.8,81.84,319.96000000000004
1248,2026-01-06,Midwest,Shopify,Shipped,608,111,5,39.4,0.0,SKU 0111,Electronics Product 111,ELECT,170.91,39.4,7,N,197.0,854.55,-657.55
1248,2026-01-06,Midwest,Shopify,Shipped,609,92,2,23.27,0.0,SKU-0092,Beauty Product 92,BEAUTY,81.27,23.27,6,N,46.54,162.54,-116.0
1248,2026-01-06,Midwest,Shopify,Shipped,610,126,8,32.17,13.4,SKU-0126,Office Product 126,OFFICE,104.51,32.17,2,Unknown,243.96,836.08,-592.12
1249,2026-04-20,West,Amazon,Delivered,611,119,4,27.97,0.0,SKU-0119,Electronics Product 119,ELECT,27.15,27.97,1,Y,111.88,108.6,3.280000000000001
1249,2026-04-20,West,Amazon,Delivered,612,127,2,38.14,5.07,SKU-0127,Beauty Product 127,beauty,51.31,38.14,4,N,71.21000000000001,102.62,-31.41
1249,2026-04-20,West,Amazon,Delivered,613,21,8,60.07,0.0,SKU-0021,Kitchen Product 21,Kitchen,56.36,60.07,1,N,480.56,450.88,29.680000000000007
1250,2026-01-28,Midwest,Walmart,Delivered,614,119,5,27.97,0.0,SKU-0119,Electronics Product 119,ELECT,27.15,27.97,1,Y,139.85,135.75,4.099999999999994
1251,2026-01-22,South,Shopify,Backordered,615,117,8,293.33,0.0,SKU-0117,Pet Product 117,PET,131.8,293.33,5,Y,2346.64,1054.4,1292.2399999999998
1251,2026-01-22,South,Shopify,Backordered,616,88,3,109.3,0.0,SKU-0088,Beauty Product 88,Beauty,77.6,109.3,8,N,327.9,232.8,95.1
1251,2026-01-22,South,Shopify,Backordered,617,67,2,291.56,0.0,SKU-0067,Kitchen Product 67,Kitchen,25.18,291.56,3,Y,583.12,50.36,532.76
1252,2026-05-05,West,Amazon,Cancelled,618,102,5,71.52,0.0,SKU-0102,Office Product 102, Office ,169.76,71.52,4,Y,357.6,848.8,-491.2
1252,2026-05-05,West,Amazon,Cancelled,619,4,4,94.28,0.0,SKU-0004,Office Product 4,office,83.61,94.28,1,Unknown,377.12,334.44,42.68000000000001
1252,2026-05-05,West,Amazon,Cancelled,620,49,1,280.98,0.0,SKU-0049,Beauty Product 49,BEA,51.41,280.98,2,N,280.98,51.41,229.57
1253,2026-04-22,East,Amazon,Shipped,621,78,8,71.75,3.07,SKU-0078,Beauty Product 78,BEAUTY,44.31,71.75,1,Y,570.93,354.48,216.45
1254,2026-01-06,East,Amazon,Backordered,622,76,7,160.68,0.0,SKU-0076,Pet Product 76, Pet ,123.23,160.68,3,N,1124.76,862.61,262.15
1254,2026-01-06,East,Amazon,Backordered,623,27,7,165.39,14.71,SKU-0027,Pet Product 27,PET,33.9,165.39,7,N,1143.02,237.3,905.72
1255,2026-05-05,West,Shopify,Shipped,624,109,6,257.52,0.0,SKU-0109,Office Product 109,OFFICE,10.02,257.52,3,N,1545.12,60.12,1485.0
1256,2026-04-22,South,Shopify,Delivered,625,121,6,151.43,0.0,SKU-0121,Electronics Product 121,ELECT,54.76,151.43,6,N,908.58,328.56,580.02
1256,2026-04-22,South,Shopify,Delivered,626,87,8,124.17,0.0,SKU-0087,Home Product 87,home,31.4,124.17,3,N,993.36,251.2,742.1600000000001
1257,2026-01-23,East,Walmart,Shipped,627,52,3,59.3,0.0,SKU-0052,Home Product 52,Home,134.92,59.3,5,Y,177.89999999999998,404.76,-226.86
1257,2026-01-23,East,Walmart,Shipped,628,107,8,223.34,0.0,SKU-0107,Pet Product 107, Pet ,81.23,223.34,5,Y,1786.72,649.84,1136.88
1258,2026-05-09,South,Amazon,Delivered,629,30,4,35.23,0.0,SKU-0030,Beauty Product 30,BEA,43.54,35.23,1,N,140.92,174.16,-33.24000000000001
1258,2026-05-09,South,Amazon,Delivered,630,125,5,273.92,0.0,SKU-0125,Beauty Product 125,BEA,71.57,273.92,5,Unknown,1369.6,357.85,1011.7500000000002
1258,2026-05-09,South,Amazon,Delivered,631,12,5,61.57,0.0,SKU-0012,Toys Product 12,TOY,132.6,61.57,7,Y,307.85,663.0,-355.15
1258,2026-05-09,South,Amazon,Delivered,632,13,8,236.16,0.0,SKU-0013,Beauty Product 13,BEAUTY,152.5,236.16,4,Unknown,1889.28,1220.0,669.28
1259,2026-01-27,West,Shopify,Shipped,633,93,3,277.07,11.2,SKU-0093,Office Product 93,office,152.09,277.07,1,N,820.01,456.27,363.74
1259,2026-01-27,West,Shopify,Shipped,634,130,8,193.14,0.0,SKU-0130,Beauty Product 130,BEAUTY,142.87,193.14,4,N,1545.12,1142.96,402.1599999999999
1260,2026-01-02,South,Walmart,Shipped,635,130,3,193.14,0.0,SKU-0130,Beauty Product 130,BEAUTY,142.87,193.14,4,N,579.42,428.61,150.80999999999997
1260,2026-01-02,South,Walmart,Shipped,636,107,6,223.34,0.0,SKU-0107,Pet Product 107, Pet ,81.23,223.34,5,Y,1340.04,487.38,852.66
1260,2026-01-02,South,Walmart,Shipped,637,39,7,129.3,0.0,SKU-0039,Pet Product 39, Pet ,42.41,129.3,1,N,905.1,296.87,608.2300000000001
1261,2026-04-24,Unknown,Amazon,Shipped,638,22,6,159.69,0.0,SKU-0022,Sports Product 22,SPO,138.34,159.69,2,Unknown,958.14,830.04,128.10000000000002
1262,2026-01-15,Unknown,Shopify,Shipped,639,108,7,143.48,0.0,SKU-0108,Beauty Product 108,Beauty,53.81,143.48,8,Y,1004.36,376.67,627.6899999999998
1262,2026-01-15,Unknown,Shopify,Shipped,640,81,6,244.17,0.0,SKU-0081,Home Product 81, Home ,43.3,244.17,8,Y,1465.02,259.79999999999995,1205.22
1262,2026-01-15,Unknown,Shopify,Shipped,641,136,3,230.54,10.8,SKU-0136,Sports Product 136,SPO,12.04,230.54,8,Y,680.82,36.12,644.7
1263,2026-02-20,West,Amazon,Cancelled,642,100,3,233.57,0.0,SKU-0100,Beauty Product 100, Beauty ,127.41,233.57,3,Y,700.71,382.23,318.48
1263,2026-02-20,West,Amazon,Cancelled,643,55,2,110.06,0.0,SKU-0055,Office Product 55,OFFICE,12.72,110.06,3,N,220.12,25.44,194.68
1263,2026-02-20,West,Amazon,Cancelled,644,134,6,26.36,0.0,SKU-0134,Pet Product 134, Pet ,19.08,26.36,7,N,158.16,114.48,43.68000000000001
1264,2026-01-29,South,Amazon,Shipped,645,130,6,193.14,0.0,SKU-0130,Beauty Product 130,BEAUTY,142.87,193.14,4,N,1158.84,857.22,301.6199999999999
1264,2026-01-29,South,Amazon,Shipped,646,115,5,80.7,0.0,SKU-0115,Pet Product 115,PET,58.66,80.7,4,Y,403.5,293.29999999999995,110.20000000000005
1264,2026-01-29,South,Amazon,Shipped,647,117,6,293.33,0.0,SKU-0117,Pet Product 117,PET,131.8,293.33,5,Y,1759.98,790.8000000000001,969.18
1265,2026-03-05,West,Ebay,Delivered,648,93,8,277.07,2.37,SKU-0093,Office Product 93,office,152.09,277.07,1,N,2214.19,1216.72,997.47
1265,2026-03-05,West,Ebay,Delivered,649,106,2,65.2,2.29,SKU-0106,Toys Product 106, Toys ,64.54,65.2,5,Y,128.11,129.08,-0.9699999999999988
1266,2026-04-12,Midwest,Amazon,Cancelled,650,113,8,84.34,11.24,SKU-0113,Sports Product 113,sports,75.77,84.34,6,N,663.48,606.16,57.32000000000005
1266,2026-04-12,Midwest,Amazon,Cancelled,651,42,3,169.53,8.08,SKU-0042,Beauty Product 42,Beauty,106.36,169.53,6,Y,500.5100000000001,319.08,181.4300000000001
1266,2026-04-12,Midwest,Amazon,Cancelled,652,118,3,242.65,0.0,SKU-0118,Beauty Product 118,BEAUTY,44.81,0.0,3,Y,727.95,134.43,593.52
1266,2026-04-12,Midwest,Amazon,Cancelled,653,55,8,110.06,0.0,SKU-0055,Office Product 55,OFFICE,12.72,110.06,3,N,880.48,101.76,778.72
1267,2026-04-05,Midwest,Amazon,Delivered,654,31,6,35.19,0.0,SKU-0031,Home Product 31,Home,155.44,35.19,4,Y,211.14,932.64,-721.5
1268,2026-01-08,West,Shopify,Shipped,655,13,5,236.16,0.0,SKU-0013,Beauty Product 13,BEAUTY,152.5,236.16,4,Unknown,1180.8,762.5,418.3
1268,2026-01-08,West,Shopify,Shipped,656,47,8,100.5,0.0,SKU-0047,Office Product 47,office,122.55,100.5,6,Unknown,804.0,980.4,-176.39999999999998
1268,2026-01-08,West,Shopify,Shipped,657,18,1,60.59,0.0,SKU-0018,Electronics Product 18,Electronics,31.75,60.59,7,Y,60.59,31.75,28.840000000000003
1268,2026-01-08,West,Shopify,Shipped,658,145,8,172.39,13.6,SKU-0145,Toys Product 145,TOYS,101.4,172.39,2,N,1365.52,811.2,554.3199999999999
1269,2026-04-25,South,Shopify,Shipped,659,105,7,288.82,4.26,SKU-0105,Office Product 105, Office ,23.47,288.82,8,N,2017.48,164.29,1853.19
1270,2026-02-12,West,Amazon,Shipped,660,144,2,194.56,0.0,SKU-0144,Pet Product 144,Pet,10.05,194.56,4,N,389.12,20.1,369.02
1270,2026-02-12,West,Amazon,Shipped,661,50,1,252.62,0.0,SKU-0050,Kitchen Product 50,KITCHEN,32.61,252.62,5,Y,252.62,32.61,220.01
1270,2026-02-12,West,Amazon,Shipped,662,122,1,151.15,0.0,SKU-0122,Electronics Product 122,ELECTRONICS,169.69,151.15,2,N,151.15,169.69,-18.539999999999992
1271,2026-03-24,West,Amazon,Backordered,663,6,6,256.54,7.12,SKU-0006,Home Product 6, Home ,21.93,256.54,5,Unknown,1532.1200000000003,131.57999999999998,1400.5400000000004
1271,2026-03-24,West,Amazon,Backordered,664,7,6,292.34,0.0,SKU-0007,Electronics Product 7, Electronics ,98.84,292.34,7,Y,1754.04,593.04,1161.0
1271,2026-03-24,West,Amazon,Backordered,665,30,2,35.23,0.0,SKU-0030,Beauty Product 30,BEA,43.54,35.23,1,N,70.46,87.08,-16.620000000000005
1271,2026-03-24,West,Amazon,Backordered,666,37,3,258.95,0.0,SKU 0037,Home Product 37, Home ,146.4,258.95,2,Y,776.8499999999999,439.2000000000001,337.64999999999986
1272,2026-01-15,West,Walmart,Cancelled,667,37,7,258.95,0.0,SKU 0037,Home Product 37, Home ,146.4,258.95,2,Y,1812.65,1024.8,787.8499999999999
1272,2026-01-15,West,Walmart,Cancelled,668,97,2,168.73,0.0,SKU-0097,Home Product 97, Home ,8.39,168.73,6,N,337.46,16.78,320.67999999999995
1272,2026-01-15,West,Walmart,Cancelled,669,61,8,293.22,8.12,SKU-0061,Toys Product 61,toys,156.31,293.22,3,N,2337.6400000000003,1250.48,1087.1600000000003
1273,2026-03-10,Midwest,Ebay,Delivered,670,17,8,299.3,0.0,SKU-0017,Office Product 17,OFFICE,43.38,299.3,8,Y,2394.4,347.04,2047.36
1273,2026-03-10,Midwest,Ebay,Delivered,671,5,5,59.31,0.0,SKU-0005,Toys Product 5, Toys ,64.54,59.31,6,Y,296.55,322.70000000000005,-26.15000000000004
1273,2026-03-10,Midwest,Ebay,Delivered,672,64,3,247.73,5.26,SKU-0064,Electronics Product 64, Electronics ,43.93,247.73,8,Y,737.93,131.79,606.14
1273,2026-03-10,Midwest,Ebay,Delivered,673,115,2,80.7,0.0,SKU-0115,Pet Product 115,PET,58.66,80.7,4,Y,161.4,117.32,44.08000000000001
1274,2026-04-26,Midwest,Amazon,Delivered,674,43,1,277.03,1.84,SKU-0043,Electronics Product 43,ELECT,88.44,277.03,3,Y,275.19,88.44,186.75
1274,2026-04-26,Midwest,Amazon,Delivered,675,70,5,244.86,12.75,SKU-0070,Office Product 70,Office,95.99,244.86,4,Y,1211.5500000000002,479.95,731.6000000000001
1274,2026-04-26,Midwest,Amazon,Delivered,676,90,4,115.25,0.0,SKU-0090,Office Product 90, Office ,6.03,115.25,7,Unknown,461.0,24.12,436.88
1275,2026-03-13,West,Shopify,Backordered,677,88,5,109.3,14.71,SKU-0088,Beauty Product 88,Beauty,77.6,109.3,8,N,531.79,388.0,143.78999999999996
1275,2026-03-13,West,Shopify,Backordered,678,70,4,244.86,0.0,SKU-0070,Office Product 70,Office,95.99,244.86,4,Y,979.44,383.96,595.48
1275,2026-03-13,West,Shopify,Backordered,679,88,4,109.3,0.0,SKU-0088,Beauty Product 88,Beauty,77.6,109.3,8,N,437.2,310.4,126.8
1276,2026-05-06,West,Amazon,Backordered,680,138,1,106.5,13.5,SKU-0138,Pet Product 138,PET,76.46,106.5,2,Unknown,93.0,76.46,16.540000000000006
1277,2026-02-15,West,Amazon,Shipped,681,95,4,75.32,0.0,SKU-0095,Electronics Product 95,ELECTRONICS,71.34,75.32,6,Y,301.28,285.36,15.91999999999996
1277,2026-02-15,West,Amazon,Shipped,682,6,5,256.54,0.0,SKU-0006,Home Product 6, Home ,21.93,256.54,5,Unknown,1282.7,109.65,1173.05
1277,2026-02-15,West,Amazon,Shipped,683,50,2,252.62,0.0,SKU-0050,Kitchen Product 50,KITCHEN,32.61,252.62,5,Y,505.24,65.22,440.02
1277,2026-02-15,West,Amazon,Shipped,684,57,4,266.69,0.0,SKU-0057,Electronics Product 57,Electronics,18.17,266.69,3,Y,1066.76,72.68,994.08
1278,2026-04-12,West,Ebay,Delivered,685,44,4,34.37,0.0,SKU-0044,Home Product 44,home,16.99,34.37,4,N,137.48,67.96,69.52
1278,2026-04-12,West,Ebay,Delivered,686,17,3,299.3,0.0,SKU-0017,Office Product 17,OFFICE,43.38,299.3,8,Y,897.9000000000001,130.14,767.7600000000001
1278,2026-04-12,West,Ebay,Delivered,687,67,4,291.56,0.0,SKU-0067,Kitchen Product 67,Kitchen,25.18,291.56,3,Y,1166.24,100.72,1065.52
1278,2026-04-12,West,Ebay,Delivered,688,50,1,252.62,0.0,SKU-0050,Kitchen Product 50,KITCHEN,32.61,252.62,5,Y,252.62,32.61,220.01
1279,2026-04-21,West,Ebay,Backordered,689,127,6,38.14,0.0,SKU-0127,Beauty Product 127,beauty,51.31,38.14,4,N,228.84,307.86,-79.02000000000001
1279,2026-04-21,West,Ebay,Backordered,690,58,1,57.21,4.89,SKU-0058,Electronics Product 58,ELECTRONICS,106.94,57.21,3,Y,52.32,106.94,-54.62
1279,2026-04-21,West,Ebay,Backordered,691,137,8,181.82,5.43,SKU-0137,Pet Product 137,PET,36.76,181.82,8,Y,1449.13,294.08,1155.05
1279,2026-04-21,West,Ebay,Backordered,692,50,6,252.62,0.0,SKU-0050,Kitchen Product 50,KITCHEN,32.61,252.62,5,Y,1515.72,195.66,1320.06
1280,2026-03-21,Unknown,Shopify,Delivered,693,8,8,118.07,0.0,SKU-0008,Sports Product 8,SPO,159.95,118.07,4,N,944.56,1279.6,-335.04
1281,2026-01-14,East,Amazon,Cancelled,694,113,2,84.34,0.0,SKU-0113,Sports Product 113,sports,75.77,84.34,6,N,168.68,151.54,17.140000000000015
1282,2026-04-24,West,Ebay,Delivered,695,17,2,299.3,0.0,SKU-0017,Office Product 17,OFFICE,43.38,299.3,8,Y,598.6,86.76,511.84
1282,2026-04-24,West,Ebay,Delivered,696,76,7,160.68,6.62,SKU-0076,Pet Product 76, Pet ,123.23,160.68,3,N,1118.14,862.61,255.5300000000001
1282,2026-04-24,West,Ebay,Delivered,697,60,1,115.8,7.35,SKU-0060,Beauty Product 60,beauty,121.71,115.8,7,Y,108.45,121.71,-13.259999999999993
1282,2026-04-24,West,Ebay,Delivered,698,110,2,112.0,0.0,SKU-0110,Beauty Product 110,BEAUTY,144.62,112.0,5,Y,224.0,289.24,-65.24000000000001
1283,2026-02-19,Unknown,Shopify,Delivered,699,91,7,170.65,7.74,SKU-0091,Office Product 91,OFF,135.82,170.65,4,N,1186.81,950.74,236.07
1283,2026-02-19,Unknown,Shopify,Delivered,700,48,4,299.56,0.0,SKU-0048,Home Product 48,Home,85.2,299.56,2,Y,1198.24,340.8,857.44
1283,2026-02-19,Unknown,Shopify,Delivered,701,16,3,168.61,5.36,SKU-0016,Toys Product 16,toys,135.37,168.61,7,Y,500.47,406.11,94.36
1284,2026-03-21,South,Ebay,Delivered,702,3,3,22.56,0.0,SKU-0003,Beauty Product 3,beauty,93.44,22.56,4,N,67.67999999999999,280.32,-212.64
1284,2026-03-21,South,Ebay,Delivered,703,109,6,257.52,0.0,SKU-0109,Office Product 109,OFFICE,10.02,257.52,3,N,1545.12,60.12,1485.0
1284,2026-03-21,South,Ebay,Delivered,704,52,2,59.3,5.78,SKU-0052,Home Product 52,Home,134.92,59.3,5,Y,112.82,269.84,-157.01999999999998
1285,2026-03-26,Midwest,Amazon,Shipped,705,127,4,38.14,0.0,SKU-0127,Beauty Product 127,beauty,51.31,38.14,4,N,152.56,205.24,-52.68000000000001
1286,2026-04-13,South,Amazon,Shipped,706,19,6,298.89,0.0,SKU-0019,Home Product 19, Home ,71.78,298.89,5,Y,1793.34,430.68,1362.66
1287,2026-02-20,East,Ebay,Shipped,707,68,3,138.85,0.0,SKU-0068,Sports Product 68,Sports,23.97,138.85,6,N,416.55,71.91,344.64
1287,2026-02-20,East,Ebay,Shipped,708,46,4,219.11,0.0,SKU-0046,Kitchen Product 46,KITCHEN,40.75,219.11,4,Y,876.44,163.0,713.44
1288,2026-03-20,South,Shopify,Backordered,709,44,7,34.37,0.0,SKU-0044,Home Product 44,home,16.99,34.37,4,N,240.59,118.93,121.65999999999998
1288,2026-03-20,South,Shopify,Backordered,710,31,3,35.19,0.0,SKU-0031,Home Product 31,Home,155.44,35.19,4,Y,105.57,466.32,-360.75
1288,2026-03-20,South,Shopify,Backordered,711,49,4,280.98,0.0,SKU-0049,Beauty Product 49,BEA,51.41,280.98,2,N,1123.92,205.64,918.28
1289,2026-03-17,East,Ebay,Shipped,712,72,3,205.06,12.92,SKU-0072,Home Product 72,HOME,93.75,205.06,6,N,602.2600000000001,281.25,321.0100000000001
1290,2026-05-11,West,Shopify,Backordered,713,128,8,143.39,0.0,SKU-0128,Home Product 128,home,5.47,143.39,8,Y,1147.12,43.76,1103.36
1290,2026-05-11,West,Shopify,Backordered,714,135,8,41.03,11.02,SKU-0135,Kitchen Product 135,KIT,48.81,41.03,1,Unknown,317.22,390.48,-73.25999999999999
1290,2026-05-11,West,Shopify,Backordered,715,122,5,151.15,0.0,SKU-0122,Electronics Product 122,ELECTRONICS,169.69,151.15,2,N,755.75,848.45,-92.70000000000005
1291,2026-04-07,South,Shopify,Delivered,716,141,2,15.33,0.0,SKU-0141,Office Product 141,OFF,149.36,15.33,8,N,30.66,298.72,-268.06
1291,2026-04-07,South,Shopify,Delivered,717,76,8,160.68,0.0,SKU-0076,Pet Product 76, Pet ,123.23,160.68,3,N,1285.44,985.84,299.6
1291,2026-04-07,South,Shopify,Delivered,718,150,1,100.09,0.0,SKU-0150,Sports Product 150,Sports,54.5,100.09,8,Unknown,100.09,54.5,45.59
1292,2026-04-08,Midwest,Shopify,Delivered,719,68,2,138.85,0.0,SKU-0068,Sports Product 68,Sports,23.97,138.85,6,N,277.7,47.94,229.76
1292,2026-04-08,Midwest,Shopify,Delivered,720,76,2,160.68,0.0,SKU-0076,Pet Product 76, Pet ,123.23,160.68,3,N,321.36,246.46,74.9
1293,2026-03-06,Unknown,Shopify,Cancelled,721,49,3,280.98,0.0,SKU-0049,Beauty Product 49,BEA,51.41,280.98,2,N,842.94,154.23,688.71
1293,2026-03-06,Unknown,Shopify,Cancelled,722,3,5,22.56,0.0,SKU-0003,Beauty Product 3,beauty,93.44,22.56,4,N,112.8,467.2,-354.4
1293,2026-03-06,Unknown,Shopify,Cancelled,723,104,7,199.55,0.0,SKU-0104,Office Product 104,OFFICE,17.07,199.55,1,Unknown,1396.85,119.49,1277.36
1294,2026-02-08,East,Shopify,Backordered,724,122,4,151.15,8.22,SKU-0122,Electronics Product 122,ELECTRONICS,169.69,151.15,2,N,596.38,678.76,-82.38
1294,2026-02-08,East,Shopify,Backordered,725,119,6,27.97,0.0,SKU-0119,Electronics Product 119,ELECT,27.15,27.97,1,Y,167.82,162.89999999999998,4.920000000000016
1295,2026-02-05,South,Shopify,Delivered,726,128,6,143.39,5.76,SKU-0128,Home Product 128,home,5.47,143.39,8,Y,854.5799999999999,32.82,821.7599999999999
1296,2026-01-06,East,Amazon,Delivered,727,85,7,163.57,0.0,SKU-0085,Beauty Product 85,BEAUTY,139.02,163.57,4,Y,1144.99,973.14,171.8499999999999
1296,2026-01-06,East,Amazon,Delivered,728,101,2,45.81,0.0,SKU-0101,Home Product 101,home,173.83,45.81,1,Y,91.62,347.66,-256.04
1297,2026-01-27,East,Amazon,Shipped,729,126,1,32.17,0.0,SKU-0126,Office Product 126,OFFICE,104.51,32.17,2,Unknown,32.17,104.51,-72.34
1298,2026-04-05,East,Amazon,Delivered,730,106,7,65.2,0.0,SKU-0106,Toys Product 106, Toys ,64.54,65.2,5,Y,456.4,451.78,4.6200000000000045
1298,2026-04-05,East,Amazon,Delivered,731,34,7,222.79,0.0,SKU-0034,Office Product 34, Office ,86.73,222.79,2,Y,1559.53,607.11,952.42
1298,2026-04-05,East,Amazon,Delivered,732,100,4,233.57,0.0,SKU-0100,Beauty Product 100, Beauty ,127.41,233.57,3,Y,934.28,509.64,424.64
1299,2026-04-28,West,Shopify,Cancelled,733,115,2,80.7,0.0,SKU-0115,Pet Product 115,PET,58.66,80.7,4,Y,161.4,117.32,44.08000000000001
1299,2026-04-28,West,Shopify,Cancelled,734,135,6,41.03,13.74,SKU-0135,Kitchen Product 135,KIT,48.81,41.03,1,Unknown,232.44,292.86,-60.420000000000016
1300,2026-01-11,South,Amazon,Shipped,735,89,5,126.0,0.0,SKU-0089,Electronics Product 89,electronics,150.76,126.0,1,Unknown,630.0,753.8,-123.79999999999995
1300,2026-01-11,South,Amazon,Shipped,736,107,4,223.34,3.51,SKU-0107,Pet Product 107, Pet ,81.23,223.34,5,Y,889.85,324.92,564.9300000000001
1300,2026-01-11,South,Amazon,Shipped,737,118,7,229.49,0.0,SKU-0118,Beauty Product 118,BEAUTY,44.81,0.0,3,Y,1606.43,313.67,1292.76
1300,2026-01-11,South,Amazon,Shipped,738,101,1,45.81,0.0,SKU-0101,Home Product 101,home,173.83,45.81,1,Y,45.81,173.83,-128.02
1301,2026-04-16,South,Amazon,Delivered,739,27,6,165.39,0.0,SKU-0027,Pet Product 27,PET,33.9,165.39,7,N,992.34,203.4,788.9399999999999
1302,2026-03-29,East,Walmart,Shipped,740,10,1,144.22,0.0,SKU-0010,Beauty Product 10,Beauty,71.52,144.22,6,N,144.22,71.52,72.7
1302,2026-03-29,East,Walmart,Shipped,741,84,8,150.28,0.0,SKU-0084,Pet Product 84,pet,135.14,150.28,5,Unknown,1202.24,1081.12,121.12000000000012
1302,2026-03-29,East,Walmart,Shipped,742,22,4,159.69,10.99,SKU-0022,Sports Product 22,SPO,138.34,159.69,2,Unknown,627.77,553.36,74.40999999999997
1302,2026-03-29,East,Walmart,Shipped,743,36,8,94.39,0.0,SKU-0036,Pet Product 36,pet,78.83,94.39,4,Unknown,755.12,630.64,124.48000000000002
1303,2026-01-20,Unknown,Amazon,Shipped,744,40,8,90.58,0.0,SKU-0040,Office Product 40,Office,177.43,90.58,8,Y,724.64,1419.44,-694.8000000000001
1303,2026-01-20,Unknown,Amazon,Shipped,745,9,4,235.32,0.0,SKU-0009,Home Product 9,Home,120.72,235.32,2,Unknown,941.28,482.88,458.4
1303,2026-01-20,Unknown,Amazon,Shipped,746,134,2,26.36,0.0,SKU-0134,Pet Product 134, Pet ,19.08,26.36,7,N,52.72,38.16,14.560000000000002
1304,2026-03-03,West,Amazon,Shipped,747,8,1,118.07,0.0,SKU-0008,Sports Product 8,SPO,159.95,118.07,4,N,118.07,159.95,-41.88
1304,2026-03-03,West,Amazon,Shipped,748,17,4,299.3,0.0,SKU-0017,Office Product 17,OFFICE,43.38,299.3,8,Y,1197.2,173.52,1023.68
1304,2026-03-03,West,Amazon,Shipped,749,43,3,277.03,0.0,SKU-0043,Electronics Product 43,ELECT,88.44,277.03,3,Y,831.0899999999999,265.32,565.77
1304,2026-03-03,West,Amazon,Shipped,750,84,6,150.28,0.0,SKU-0084,Pet Product 84,pet,135.14,150.28,5,Unknown,901.68,810.8399999999999,90.84000000000016
1305,2026-04-02,West,Shopify,Cancelled,751,81,1,244.17,6.45,SKU-0081,Home Product 81, Home ,43.3,244.17,8,Y,237.72,43.3,194.42
1305,2026-04-02,West,Shopify,Cancelled,752,57,2,266.69,0.0,SKU-0057,Electronics Product 57,Electronics,18.17,266.69,3,Y,533.38,36.34,497.04
1305,2026-04-02,West,Shopify,Cancelled,753,95,1,75.32,0.0,SKU-0095,Electronics Product 95,ELECTRONICS,71.34,75.32,6,Y,75.32,71.34,3.9799999999999898
1305,2026-04-02,West,Shopify,Cancelled,754,106,5,65.2,11.75,SKU-0106,Toys Product 106, Toys ,64.54,65.2,5,Y,314.25,322.70000000000005,-8.450000000000045
1306,2026-01-27,West,Amazon,Shipped,755,65,2,203.11,9.4,SKU-0065,Sports Product 65,sports,44.01,203.11,7,Y,396.8200000000001,88.02,308.80000000000007
1306,2026-01-27,West,Amazon,Shipped,756,35,6,46.14,0.0,SKU-0035,Office Product 35,OFFICE,145.1,46.14,4,N,276.84000000000003,870.5999999999999,-593.7599999999999
1307,2026-05-11,East,Shopify,Shipped,757,60,1,115.8,0.0,SKU-0060,Beauty Product 60,beauty,121.71,115.8,7,Y,115.8,121.71,-5.909999999999997
1308,2026-05-08,East,Shopify,Cancelled,758,53,1,73.03,4.33,SKU-0053,Beauty Product 53,BEAUTY,81.27,73.03,5,Y,68.7,81.27,-12.569999999999991
1308,2026-05-08,East,Shopify,Cancelled,759,85,3,163.57,0.0,SKU-0085,Beauty Product 85,BEAUTY,139.02,163.57,4,Y,490.71,417.06000000000006,73.64999999999992
1308,2026-05-08,East,Shopify,Cancelled,760,134,7,26.36,0.0,SKU-0134,Pet Product 134, Pet ,19.08,26.36,7,N,184.52,133.56,50.95999999999998
1308,2026-05-08,East,Shopify,Cancelled,761,7,4,292.34,0.0,SKU-0007,Electronics Product 7, Electronics ,98.84,292.34,7,Y,1169.36,395.36,773.9999999999999
1309,2026-02-22,Unknown,Amazon,Delivered,762,57,7,266.69,0.0,SKU-0057,Electronics Product 57,Electronics,18.17,266.69,3,Y,1866.83,127.19,1739.64
1309,2026-02-22,Unknown,Amazon,Delivered,763,114,1,171.86,1.9,SKU-0114,Kitchen Product 114, Kitchen ,179.41,171.86,6,N,169.96,179.41,-9.449999999999989
1310,2026-02-14,East,Amazon,Delivered,764,130,2,193.14,6.97,SKU-0130,Beauty Product 130,BEAUTY,142.87,193.14,4,N,379.31,285.74,93.56999999999994
1310,2026-02-14,East,Amazon,Delivered,765,80,3,84.54,0.0,SKU-0080,Beauty Product 80, Beauty ,91.52,84.54,1,Unknown,253.62,274.56,-20.94
1311,2026-05-04,Midwest,Ebay,Delivered,766,43,8,277.03,7.18,SKU-0043,Electronics Product 43,ELECT,88.44,277.03,3,Y,2209.06,707.52,1501.54
1311,2026-05-04,Midwest,Ebay,Delivered,767,40,8,90.58,1.28,SKU-0040,Office Product 40,Office,177.43,90.58,8,Y,723.36,1419.44,-696.08
1311,2026-05-04,Midwest,Ebay,Delivered,768,110,2,112.0,0.0,SKU-0110,Beauty Product 110,BEAUTY,144.62,112.0,5,Y,224.0,289.24,-65.24000000000001
1311,2026-05-04,Midwest,Ebay,Delivered,769,138,3,106.5,0.0,SKU-0138,Pet Product 138,PET,76.46,106.5,2,Unknown,319.5,229.38,90.12
1312,2026-03-27,Midwest,Shopify,Shipped,770,40,4,90.58,0.0,SKU-0040,Office Product 40,Office,177.43,90.58,8,Y,362.32,709.72,-347.40000000000003
1312,2026-03-27,Midwest,Shopify,Shipped,771,126,7,32.17,13.96,SKU-0126,Office Product 126,OFFICE,104.51,32.17,2,Unknown,211.23,731.57,-520.34
1313,2026-02-01,East,Amazon,Backordered,772,112,5,154.88,0.0,SKU-0112,Beauty Product 112, Beauty ,118.03,154.88,1,Y,774.4,590.15,184.25
1313,2026-02-01,East,Amazon,Backordered,773,131,8,57.46,0.0,SKU-0131,Home Product 131,HOM,44.34,57.46,5,Unknown,459.68,354.72,104.95999999999998
1314,2026-04-03,Unknown,Shopify,Shipped,774,38,5,256.88,0.0,SKU-0038,Electronics Product 38,Electronics,167.11,256.88,3,N,1284.4,835.5500000000001,448.85
1315,2026-01-24,Midwest,Shopify,Shipped,775,21,4,60.07,0.0,SKU-0021,Kitchen Product 21,Kitchen,56.36,60.07,1,N,240.28,225.44,14.840000000000003
1315,2026-01-24,Midwest,Shopify,Shipped,776,110,5,112.0,10.69,SKU-0110,Beauty Product 110,BEAUTY,144.62,112.0,5,Y,549.31,723.1,-173.79000000000008
1315,2026-01-24,Midwest,Shopify,Shipped,777,79,7,234.02,0.0,SKU-0079,Beauty Product 79, Beauty ,111.97,234.02,8,N,1638.14,783.79,854.3500000000001
1315,2026-01-24,Midwest,Shopify,Shipped,778,28,6,206.43,0.0,SKU-0028,Beauty Product 28,BEAUTY,74.82,206.43,6,N,1238.58,448.92,789.66
1316,2026-01-18,West,Walmart,Shipped,779,74,7,130.73,0.0,SKU 0074,Toys Product 74,TOY,104.59,130.73,1,Y,915.11,732.13,182.9799999999999
1316,2026-01-18,West,Walmart,Shipped,780,48,3,299.56,0.0,SKU-0048,Home Product 48,Home,85.2,299.56,2,Y,898.6800000000001,255.6,643.08
1316,2026-01-18,West,Walmart,Shipped,781,129,2,95.57,0.0,SKU-0129,Electronics Product 129,electronics,55.42,95.57,8,Y,191.14,110.84,80.29999999999998
1316,2026-01-18,West,Walmart,Shipped,782,48,4,299.56,0.0,SKU-0048,Home Product 48,Home,85.2,299.56,2,Y,1198.24,340.8,857.44
1317,2026-03-17,West,Walmart,Delivered,783,17,6,299.3,0.0,SKU-0017,Office Product 17,OFFICE,43.38,299.3,8,Y,1795.8000000000002,260.28000000000003,1535.5200000000002
1317,2026-03-17,West,Walmart,Delivered,784,123,8,210.64,0.0,SKU-0123,Pet Product 123,Pet,105.98,210.64,3,N,1685.12,847.84,837.2799999999999
1317,2026-03-17,West,Walmart,Delivered,785,3,1,22.56,0.0,SKU-0003,Beauty Product 3,beauty,93.44,22.56,4,N,22.56,93.44,-70.88
1318,2026-03-10,South,Walmart,Backordered,786,87,6,124.17,0.0,SKU-0087,Home Product 87,home,31.4,124.17,3,N,745.02,188.4,556.62
1318,2026-03-10,South,Walmart,Backordered,787,81,4,244.17,14.17,SKU-0081,Home Product 81, Home ,43.3,244.17,8,Y,962.51,173.2,789.31
1318,2026-03-10,South,Walmart,Backordered,788,97,1,168.73,0.0,SKU-0097,Home Product 97, Home ,8.39,168.73,6,N,168.73,8.39,160.33999999999995
1318,2026-03-10,South,Walmart,Backordered,789,26,1,166.82,7.4,SKU-0026,Pet Product 26,Pet,176.15,166.82,3,N,159.42,176.15,-16.730000000000018
1319,2026-04-26,Unknown,Shopify,Delivered,790,132,7,240.9,0.0,SKU-0132,Toys Product 132,Toys,15.44,240.9,5,N,1686.3,108.08,1578.22
1319,2026-04-26,Unknown,Shopify,Delivered,791,83,1,269.23,0.0,SKU-0083,Pet Product 83,PET,147.63,269.23,7,Unknown,269.23,147.63,121.60000000000002
1319,2026-04-26,Unknown,Shopify,Delivered,792,84,8,150.28,4.27,SKU-0084,Pet Product 84,pet,135.14,150.28,5,Unknown,1197.97,1081.12,116.85000000000014
1319,2026-04-26,Unknown,Shopify,Delivered,793,103,2,241.92,5.88,SKU-0103,Sports Product 103,SPO,145.97,241.92,1,Y,477.96,291.94,186.02
1320,2026-05-10,Midwest,Shopify,Delivered,794,78,8,71.75,3.35,SKU-0078,Beauty Product 78,BEAUTY,44.31,71.75,1,Y,570.65,354.48,216.17
1321,2026-04-22,East,Amazon,Shipped,795,99,5,50.97,0.0,SKU-0099,Electronics Product 99,ELECT,31.67,50.97,2,Y,254.85,158.35000000000002,96.49999999999996
1321,2026-04-22,East,Amazon,Shipped,796,122,2,151.15,10.32,SKU-0122,Electronics Product 122,ELECTRONICS,169.69,151.15,2,N,291.98,339.38,-47.39999999999998
1321,2026-04-22,East,Amazon,Shipped,797,24,6,20.55,0.0,SKU-0024,Electronics Product 24,ELECT,61.73,20.55,6,Unknown,123.3,370.38,-247.08
1322,2026-04-22,South,Shopify,Shipped,798,75,2,180.3,0.0,SKU-0075,Sports Product 75,sports,80.23,180.3,6,N,360.6,160.46,200.14
1323,2026-01-01,West,Amazon,Cancelled,799,100,7,233.57,0.0,SKU-0100,Beauty Product 100, Beauty ,127.41,233.57,3,Y,1634.99,891.87,743.12
1323,2026-01-01,West,Amazon,Cancelled,800,33,4,42.63,0.0,SKU-0033,Pet Product 33, Pet ,38.32,42.63,7,Y,170.52,153.28,17.24000000000001
1324,2026-04-28,South,Shopify,Cancelled,801,128,8,143.39,0.0,SKU-0128,Home Product 128,home,5.47,143.39,8,Y,1147.12,43.76,1103.36
1324,2026-04-28,South,Shopify,Cancelled,802,38,1,256.88,0.0,SKU-0038,Electronics Product 38,Electronics,167.11,256.88,3,N,256.88,167.11,89.76999999999998
1325,2026-02-01,West,Shopify,Cancelled,803,56,8,172.23,5.08,SKU-0056,Sports Product 56,sports,134.72,172.23,7,Y,1372.76,1077.76,295.0
1325,2026-02-01,West,Shopify,Cancelled,804,16,6,168.61,0.0,SKU-0016,Toys Product 16,toys,135.37,168.61,7,Y,1011.66,812.22,199.44000000000003
1325,2026-02-01,West,Shopify,Cancelled,805,58,1,57.21,0.0,SKU-0058,Electronics Product 58,ELECTRONICS,106.94,57.21,3,Y,57.21,106.94,-49.73
1325,2026-02-01,West,Shopify,Cancelled,806,125,7,273.92,0.0,SKU-0125,Beauty Product 125,BEA,71.57,273.92,5,Unknown,1917.44,500.99,1416.45
1326,2026-04-11,Unknown,Walmart,Cancelled,807,90,7,115.25,0.0,SKU-0090,Office Product 90, Office ,6.03,115.25,7,Unknown,806.75,42.21,764.54
1326,2026-04-11,Unknown,Walmart,Cancelled,808,73,4,134.83,10.82,SKU-0073,Sports Product 73,SPO,27.28,134.83,7,N,528.5,109.12,419.38
1326,2026-04-11,Unknown,Walmart,Cancelled,809,25,3,265.23,0.0,SKU-0025,Sports Product 25,sports,15.14,265.23,2,Y,795.69,45.42,750.2700000000001
1326,2026-04-11,Unknown,Walmart,Cancelled,810,78,8,71.75,0.0,SKU-0078,Beauty Product 78,BEAUTY,44.31,71.75,1,Y,574.0,354.48,219.52
1327,2026-05-04,East,Shopify,Cancelled,811,51,1,204.07,0.0,SKU-0051,Electronics Product 51,ELECT,57.39,204.07,3,Y,204.07,57.39,146.68
1327,2026-05-04,East,Shopify,Cancelled,812,38,7,256.88,14.31,SKU-0038,Electronics Product 38,Electronics,167.11,256.88,3,N,1783.85,1169.77,614.0799999999999
1328,2026-02-13,South,Amazon,Delivered,813,46,1,219.11,0.0,SKU-0046,Kitchen Product 46,KITCHEN,40.75,219.11,4,Y,219.11,40.75,178.36
1328,2026-02-13,South,Amazon,Delivered,814,112,3,154.88,9.78,SKU-0112,Beauty Product 112, Beauty ,118.03,154.88,1,Y,454.86,354.09000000000003,100.76999999999998
1328,2026-02-13,South,Amazon,Delivered,815,63,1,214.86,2.66,SKU-0063,Beauty Product 63,BEAUTY,32.86,214.86,7,Unknown,212.2,32.86,179.34000000000003
1328,2026-02-13,South,Amazon,Delivered,816,126,5,32.17,0.0,SKU-0126,Office Product 126,OFFICE,104.51,32.17,2,Unknown,160.85000000000002,522.5500000000001,-361.7000000000001
1329,2026-04-08,Unknown,Shopify,Cancelled,817,95,1,75.32,0.0,SKU-0095,Electronics Product 95,ELECTRONICS,71.34,75.32,6,Y,75.32,71.34,3.9799999999999898
1329,2026-04-08,Unknown,Shopify,Cancelled,818,32,8,221.16,0.0,SKU-0032,Pet Product 32,pet,99.37,221.16,8,N,1769.28,794.96,974.32
1329,2026-04-08,Unknown,Shopify,Cancelled,819,6,8,256.54,0.0,SKU-0006,Home Product 6, Home ,21.93,256.54,5,Unknown,2052.32,175.44,1876.88
1329,2026-04-08,Unknown,Shopify,Cancelled,820,47,7,100.5,7.78,SKU-0047,Office Product 47,office,122.55,100.5,6,Unknown,695.72,857.85,-162.13
1330,2026-02-02,West,Ebay,Delivered,821,104,1,199.55,6.51,SKU-0104,Office Product 104,OFFICE,17.07,199.55,1,Unknown,193.04,17.07,175.97000000000003
1330,2026-02-02,West,Ebay,Delivered,822,17,2,299.3,0.0,SKU-0017,Office Product 17,OFFICE,43.38,299.3,8,Y,598.6,86.76,511.84
1331,2026-02-01,West,Shopify,Delivered,823,42,2,169.53,0.0,SKU-0042,Beauty Product 42,Beauty,106.36,169.53,6,Y,339.06,212.72,126.34
1331,2026-02-01,West,Shopify,Delivered,824,22,2,159.69,0.0,SKU-0022,Sports Product 22,SPO,138.34,159.69,2,Unknown,319.38,276.68,42.69999999999999
1332,2026-03-17,Midwest,Amazon,Shipped,825,148,8,124.32,0.0,SKU 0148,Beauty Product 148, Beauty ,101.47,124.32,3,Unknown,994.56,811.76,182.79999999999995
1332,2026-03-17,Midwest,Amazon,Shipped,826,138,4,106.5,0.0,SKU-0138,Pet Product 138,PET,76.46,106.5,2,Unknown,426.0,305.84,120.16000000000004
1333,2026-02-25,South,Ebay,Delivered,827,109,2,257.52,0.0,SKU-0109,Office Product 109,OFFICE,10.02,257.52,3,N,515.04,20.04,495.0
1333,2026-02-25,South,Ebay,Delivered,828,98,3,285.64,0.0,SKU-0098,Home Product 98,Home,136.99,285.64,4,Unknown,856.92,410.97,445.94999999999993
1334,2026-02-19,West,Ebay,Shipped,829,108,3,143.48,5.43,SKU-0108,Beauty Product 108,Beauty,53.81,143.48,8,Y,425.00999999999993,161.43,263.5799999999999
1334,2026-02-19,West,Ebay,Shipped,830,98,1,285.64,0.0,SKU-0098,Home Product 98,Home,136.99,285.64,4,Unknown,285.64,136.99,148.64999999999998
1335,2026-01-23,South,Ebay,Cancelled,831,58,5,57.21,1.14,SKU-0058,Electronics Product 58,ELECTRONICS,106.94,57.21,3,Y,284.91,534.7,-249.79
1335,2026-01-23,South,Ebay,Cancelled,832,57,7,266.69,0.0,SKU-0057,Electronics Product 57,Electronics,18.17,266.69,3,Y,1866.83,127.19,1739.64
1336,2026-03-11,West,Amazon,Delivered,833,82,7,243.4,3.53,SKU-0082,Beauty Product 82,Beauty,84.88,243.4,6,Unknown,1700.27,594.16,1106.11
1336,2026-03-11,West,Amazon,Delivered,834,123,3,210.64,0.0,SKU-0123,Pet Product 123,Pet,105.98,210.64,3,N,631.92,317.94,313.98
1337,2026-04-18,East,Walmart,Shipped,835,91,8,170.65,0.0,SKU-0091,Office Product 91,OFF,135.82,170.65,4,N,1365.2,1086.56,278.6400000000001
1337,2026-04-18,East,Walmart,Shipped,836,110,4,112.0,0.0,SKU-0110,Beauty Product 110,BEAUTY,144.62,112.0,5,Y,448.0,578.48,-130.48000000000002
1337,2026-04-18,East,Walmart,Shipped,837,79,7,234.02,0.0,SKU-0079,Beauty Product 79, Beauty ,111.97,234.02,8,N,1638.14,783.79,854.3500000000001
1337,2026-04-18,East,Walmart,Shipped,838,21,2,60.07,0.0,SKU-0021,Kitchen Product 21,Kitchen,56.36,60.07,1,N,120.14,112.72,7.420000000000002
1338,2026-05-11,Midwest,Shopify,Shipped,839,132,2,240.9,0.0,SKU-0132,Toys Product 132,Toys,15.44,240.9,5,N,481.8,30.88,450.92
1338,2026-05-11,Midwest,Shopify,Shipped,840,2,7,135.25,0.0,SKU-0002,Home Product 2,HOM,20.21,135.25,1,Y,946.75,141.47,805.28
1338,2026-05-11,Midwest,Shopify,Shipped,841,63,1,214.86,0.0,SKU-0063,Beauty Product 63,BEAUTY,32.86,214.86,7,Unknown,214.86,32.86,182.0
1338,2026-05-11,Midwest,Shopify,Shipped,842,135,4,41.03,0.0,SKU-0135,Kitchen Product 135,KIT,48.81,41.03,1,Unknown,164.12,195.24,-31.120000000000005
1339,2026-01-29,East,Shopify,Cancelled,843,75,5,180.3,0.0,SKU-0075,Sports Product 75,sports,80.23,180.3,6,N,901.5,401.15,500.35
1340,2026-04-11,Unknown,Ebay,Shipped,844,119,8,27.97,0.0,SKU-0119,Electronics Product 119,ELECT,27.15,27.97,1,Y,223.76,217.2,6.560000000000002
1341,2026-04-01,Midwest,Amazon,Delivered,845,51,2,204.07,0.0,SKU-0051,Electronics Product 51,ELECT,57.39,204.07,3,Y,408.14,114.78,293.36
1341,2026-04-01,Midwest,Amazon,Delivered,846,106,2,65.2,0.0,SKU-0106,Toys Product 106, Toys ,64.54,65.2,5,Y,130.4,129.08,1.3199999999999932
1341,2026-04-01,Midwest,Amazon,Delivered,847,40,5,90.58,4.17,SKU-0040,Office Product 40,Office,177.43,90.58,8,Y,448.73,887.1500000000001,-438.4200000000001
1341,2026-04-01,Midwest,Amazon,Delivered,848,96,5,252.1,0.0,SKU-0096,Office Product 96,OFFICE,136.6,252.1,5,Unknown,1260.5,683.0,577.5
1342,2026-04-01,West,Walmart,Shipped,849,51,2,204.07,0.0,SKU-0051,Electronics Product 51,ELECT,57.39,204.07,3,Y,408.14,114.78,293.36
1342,2026-04-01,West,Walmart,Shipped,850,35,7,46.14,0.0,SKU-0035,Office Product 35,OFFICE,145.1,46.14,4,N,322.98,1015.7,-692.7199999999999
1342,2026-04-01,West,Walmart,Shipped,851,9,3,235.32,10.33,SKU-0009,Home Product 9,Home,120.72,235.32,2,Unknown,695.63,362.16,333.47
1343,2026-04-13,Unknown,Shopify,Delivered,852,34,2,222.79,0.0,SKU-0034,Office Product 34, Office ,86.73,222.79,2,Y,445.58,173.46,272.12
1343,2026-04-13,Unknown,Shopify,Delivered,853,33,3,42.63,0.0,SKU-0033,Pet Product 33, Pet ,38.32,42.63,7,Y,127.89,114.96,12.930000000000009
1343,2026-04-13,Unknown,Shopify,Delivered,854,61,1,293.22,0.0,SKU-0061,Toys Product 61,toys,156.31,293.22,3,N,293.22,156.31,136.91000000000005
1343,2026-04-13,Unknown,Shopify,Delivered,855,110,1,112.0,0.0,SKU-0110,Beauty Product 110,BEAUTY,144.62,112.0,5,Y,112.0,144.62,-32.620000000000005
1344,2026-03-13,Unknown,Ebay,Delivered,856,110,4,112.0,0.0,SKU-0110,Beauty Product 110,BEAUTY,144.62,112.0,5,Y,448.0,578.48,-130.48000000000002
1344,2026-03-13,Unknown,Ebay,Delivered,857,129,3,95.57,0.0,SKU-0129,Electronics Product 129,electronics,55.42,95.57,8,Y,286.71,166.26,120.45
1345,2026-01-05,West,Shopify,Delivered,858,98,7,285.64,0.0,SKU-0098,Home Product 98,Home,136.99,285.64,4,Unknown,1999.48,958.93,1040.55
1346,2026-01-29,South,Ebay,Cancelled,859,108,4,143.48,0.0,SKU-0108,Beauty Product 108,Beauty,53.81,143.48,8,Y,573.92,215.24,358.67999999999995
1346,2026-01-29,South,Ebay,Cancelled,860,47,1,100.5,0.0,SKU-0047,Office Product 47,office,122.55,100.5,6,Unknown,100.5,122.55,-22.05
1346,2026-01-29,South,Ebay,Cancelled,861,55,5,110.06,0.0,SKU-0055,Office Product 55,OFFICE,12.72,110.06,3,N,550.3,63.6,486.69999999999993
1347,2026-03-06,South,Ebay,Backordered,862,29,2,33.25,0.0,SKU-0029,Pet Product 29,Pet,48.38,33.25,1,Y,66.5,96.76,-30.260000000000005
1347,2026-03-06,South,Ebay,Backordered,863,85,6,163.57,0.0,SKU-0085,Beauty Product 85,BEAUTY,139.02,163.57,4,Y,981.42,834.1200000000001,147.29999999999984
1347,2026-03-06,South,Ebay,Backordered,864,136,6,230.54,0.0,SKU-0136,Sports Product 136,SPO,12.04,230.54,8,Y,1383.24,72.24,1311.0
1348,2026-02-18,Midwest,Shopify,Shipped,865,20,6,168.04,5.22,SKU-0020,Electronics Product 20,Electronics,124.3,168.04,5,Unknown,1003.02,745.8,257.22
1349,2026-03-30,Unknown,Walmart,Cancelled,866,112,2,154.88,0.0,SKU-0112,Beauty Product 112, Beauty ,118.03,154.88,1,Y,309.76,236.06,73.69999999999999
1350,2026-05-07,West,Amazon,Shipped,867,43,8,277.03,11.51,SKU-0043,Electronics Product 43,ELECT,88.44,277.03,3,Y,2204.73,707.52,1497.2099999999996
1351,2026-02-25,West,Shopify,Delivered,868,129,5,95.57,0.0,SKU-0129,Electronics Product 129,electronics,55.42,95.57,8,Y,477.85,277.1,200.75
1351,2026-02-25,West,Shopify,Delivered,869,76,5,160.68,0.0,SKU-0076,Pet Product 76, Pet ,123.23,160.68,3,N,803.4000000000001,616.15,187.2500000000001
1351,2026-02-25,West,Shopify,Delivered,870,58,1,57.21,0.0,SKU-0058,Electronics Product 58,ELECTRONICS,106.94,57.21,3,Y,57.21,106.94,-49.73
1351,2026-02-25,West,Shopify,Delivered,871,11,3,91.09,0.0,SKU-0011,Kitchen Product 11,KITCHEN,41.66,91.09,2,Y,273.27,124.98,148.29
1352,2026-03-30,South,Amazon,Shipped,872,22,5,159.69,11.11,SKU-0022,Sports Product 22,SPO,138.34,159.69,2,Unknown,787.34,691.7,95.64
1352,2026-03-30,South,Amazon,Shipped,873,76,6,160.68,0.0,SKU-0076,Pet Product 76, Pet ,123.23,160.68,3,N,964.08,739.38,224.70000000000005
1352,2026-03-30,South,Amazon,Shipped,874,92,4,23.27,0.0,SKU-0092,Beauty Product 92,BEAUTY,81.27,23.27,6,N,93.08,325.08,-232.0
1353,2026-03-07,West,Shopify,Shipped,875,114,4,171.86,0.0,SKU-0114,Kitchen Product 114, Kitchen ,179.41,171.86,6,N,687.44,717.64,-30.19999999999993
1353,2026-03-07,West,Shopify,Shipped,876,149,7,258.51,0.0,SKU-0149,Home Product 149,HOME,140.22,258.51,6,Unknown,1809.57,981.54,828.03
1354,2026-02-15,Midwest,Amazon,Shipped,877,73,1,134.83,0.0,SKU-0073,Sports Product 73,SPO,27.28,134.83,7,N,134.83,27.28,107.55
1354,2026-02-15,Midwest,Amazon,Shipped,878,101,4,45.81,0.0,SKU-0101,Home Product 101,home,173.83,45.81,1,Y,183.24,695.32,-512.08
1355,2026-01-26,West,Walmart,Backordered,879,4,1,94.28,0.0,SKU-0004,Office Product 4,office,83.61,94.28,1,Unknown,94.28,83.61,10.670000000000002
1356,2026-02-21,West,Walmart,Shipped,880,42,5,169.53,0.0,SKU-0042,Beauty Product 42,Beauty,106.36,169.53,6,Y,847.65,531.8,315.85
1356,2026-02-21,West,Walmart,Shipped,881,63,1,214.86,0.0,SKU-0063,Beauty Product 63,BEAUTY,32.86,214.86,7,Unknown,214.86,32.86,182.0
1356,2026-02-21,West,Walmart,Shipped,882,140,2,86.93,0.0,SKU-0140,Electronics Product 140, Electronics ,20.41,86.93,2,Unknown,173.86,40.82,133.04000000000002
1356,2026-02-21,West,Walmart,Shipped,883,27,5,165.39,2.44,SKU-0027,Pet Product 27,PET,33.9,165.39,7,N,824.5099999999999,169.5,655.0099999999999
1357,2026-02-27,Unknown,Walmart,Shipped,884,126,3,32.17,0.0,SKU-0126,Office Product 126,OFFICE,104.51,32.17,2,Unknown,96.51,313.53000000000003,-217.02000000000004
1358,2026-02-08,West,Walmart,Shipped,885,47,7,100.5,0.0,SKU-0047,Office Product 47,office,122.55,100.5,6,Unknown,703.5,857.85,-154.35000000000002
1358,2026-02-08,West,Walmart,Shipped,886,74,6,130.73,0.0,SKU 0074,Toys Product 74,TOY,104.59,130.73,1,Y,784.3799999999999,627.54,156.83999999999992
1358,2026-02-08,West,Walmart,Shipped,887,128,6,143.39,0.0,SKU-0128,Home Product 128,home,5.47,143.39,8,Y,860.3399999999999,32.82,827.5199999999999
1359,2026-01-29,Unknown,Walmart,Delivered,888,38,2,256.88,0.0,SKU-0038,Electronics Product 38,Electronics,167.11,256.88,3,N,513.76,334.22,179.53999999999996
1359,2026-01-29,Unknown,Walmart,Delivered,889,47,7,100.5,5.94,SKU-0047,Office Product 47,office,122.55,100.5,6,Unknown,697.56,857.85,-160.29000000000008
1359,2026-01-29,Unknown,Walmart,Delivered,890,109,8,257.52,10.71,SKU-0109,Office Product 109,OFFICE,10.02,257.52,3,N,2049.45,80.16,1969.29
1360,2026-05-08,Midwest,Amazon,Delivered,891,99,2,50.97,9.13,SKU-0099,Electronics Product 99,ELECT,31.67,50.97,2,Y,92.81,63.34,29.47
1360,2026-05-08,Midwest,Amazon,Delivered,892,135,4,41.03,0.0,SKU-0135,Kitchen Product 135,KIT,48.81,41.03,1,Unknown,164.12,195.24,-31.120000000000005
1361,2026-03-31,South,Shopify,Cancelled,893,37,7,258.95,0.0,SKU 0037,Home Product 37, Home ,146.4,258.95,2,Y,1812.65,1024.8,787.8499999999999
1361,2026-03-31,South,Shopify,Cancelled,894,15,3,198.21,0.0,SKU-0015,Pet Product 15, Pet ,159.82,198.21,3,Y,594.63,479.46,115.17000000000002
1361,2026-03-31,South,Shopify,Cancelled,895,97,1,168.73,10.75,SKU-0097,Home Product 97, Home ,8.39,168.73,6,N,157.98,8.39,149.58999999999995
1361,2026-03-31,South,Shopify,Cancelled,896,96,1,252.1,0.0,SKU-0096,Office Product 96,OFFICE,136.6,252.1,5,Unknown,252.1,136.6,115.5
1362,2026-02-10,South,Shopify,Delivered,897,21,4,60.07,2.08,SKU-0021,Kitchen Product 21,Kitchen,56.36,60.07,1,N,238.2,225.44,12.759999999999993
1362,2026-02-10,South,Shopify,Delivered,898,39,3,129.3,0.0,SKU-0039,Pet Product 39, Pet ,42.41,129.3,1,N,387.9,127.23,260.6700000000001
1363,2026-01-29,Unknown,Amazon,Shipped,899,45,3,184.44,1.15,SKU-0045,Home Product 45,HOM,48.09,184.44,2,N,552.17,144.27,407.9
1364,2026-04-19,West,Ebay,Shipped,900,33,4,42.63,0.0,SKU-0033,Pet Product 33, Pet ,38.32,42.63,7,Y,170.52,153.28,17.24000000000001
1364,2026-04-19,West,Ebay,Shipped,901,57,7,266.69,0.0,SKU-0057,Electronics Product 57,Electronics,18.17,266.69,3,Y,1866.83,127.19,1739.64
1364,2026-04-19,West,Ebay,Shipped,902,120,8,229.55,5.38,SKU-0120,Sports Product 120,sports,116.63,229.55,2,Unknown,1831.02,933.04,897.98
1364,2026-04-19,West,Ebay,Shipped,903,98,3,285.64,0.0,SKU-0098,Home Product 98,Home,136.99,285.64,4,Unknown,856.92,410.97,445.94999999999993
1365,2026-03-03,West,Shopify,Cancelled,904,17,4,299.3,0.0,SKU-0017,Office Product 17,OFFICE,43.38,299.3,8,Y,1197.2,173.52,1023.68
1366,2026-05-04,South,Amazon,Delivered,905,80,1,84.54,0.0,SKU-0080,Beauty Product 80, Beauty ,91.52,84.54,1,Unknown,84.54,91.52,-6.97999999999999
1367,2026-03-26,West,Shopify,Backordered,906,129,3,95.57,1.33,SKU-0129,Electronics Product 129,electronics,55.42,95.57,8,Y,285.38,166.26,119.12
1368,2026-03-01,Unknown,Shopify,Shipped,907,42,6,169.53,0.0,SKU-0042,Beauty Product 42,Beauty,106.36,169.53,6,Y,1017.18,638.16,379.0200000000001
1368,2026-03-01,Unknown,Shopify,Shipped,908,87,5,124.17,6.04,SKU-0087,Home Product 87,home,31.4,124.17,3,N,614.8100000000001,157.0,457.81000000000006
1369,2026-05-08,East,Amazon,Delivered,909,141,2,15.33,7.98,SKU-0141,Office Product 141,OFF,149.36,15.33,8,N,22.68,298.72,-276.04
1369,2026-05-08,East,Amazon,Delivered,910,81,3,244.17,0.0,SKU-0081,Home Product 81, Home ,43.3,244.17,8,Y,732.51,129.89999999999998,602.61
1369,2026-05-08,East,Amazon,Delivered,911,18,5,60.59,0.0,SKU-0018,Electronics Product 18,Electronics,31.75,60.59,7,Y,302.95000000000005,158.75,144.20000000000005
1370,2026-02-05,Midwest,Amazon,Delivered,912,94,5,53.67,0.0,SKU-0094,Electronics Product 94,Electronics,117.48,53.67,8,N,268.35,587.4,-319.04999999999995
1371,2026-05-10,Unknown,Ebay,Backordered,913,15,4,198.21,0.0,SKU-0015,Pet Product 15, Pet ,159.82,198.21,3,Y,792.84,639.28,153.56000000000006
1372,2026-04-29,South,Amazon,Shipped,914,120,8,229.55,0.0,SKU-0120,Sports Product 120,sports,116.63,229.55,2,Unknown,1836.4,933.04,903.36
1372,2026-04-29,South,Amazon,Shipped,915,28,7,206.43,0.0,SKU-0028,Beauty Product 28,BEAUTY,74.82,206.43,6,N,1445.01,523.74,921.27
1372,2026-04-29,South,Amazon,Shipped,916,103,6,241.92,0.0,SKU-0103,Sports Product 103,SPO,145.97,241.92,1,Y,1451.52,875.8199999999999,575.7
1372,2026-04-29,South,Amazon,Shipped,917,125,4,273.92,10.83,SKU-0125,Beauty Product 125,BEA,71.57,273.92,5,Unknown,1084.85,286.28,798.5700000000002
1373,2026-03-23,West,Amazon,Delivered,918,16,6,168.61,12.05,SKU-0016,Toys Product 16,toys,135.37,168.61,7,Y,999.61,812.22,187.3900000000001
1373,2026-03-23,West,Amazon,Delivered,919,55,1,110.06,0.0,SKU-0055,Office Product 55,OFFICE,12.72,110.06,3,N,110.06,12.72,97.34
1373,2026-03-23,West,Amazon,Delivered,920,109,5,257.52,0.0,SKU-0109,Office Product 109,OFFICE,10.02,257.52,3,N,1287.6,50.1,1237.5
1373,2026-03-23,West,Amazon,Delivered,921,22,3,159.69,1.97,SKU-0022,Sports Product 22,SPO,138.34,159.69,2,Unknown,477.1,415.02,62.079999999999984
1374,2026-01-14,South,Walmart,Delivered,922,43,4,277.03,5.89,SKU-0043,Electronics Product 43,ELECT,88.44,277.03,3,Y,1102.2299999999998,353.76,748.4699999999998
1374,2026-01-14,South,Walmart,Delivered,923,124,8,48.76,0.0,SKU-0124,Sports Product 124,Sports,178.94,48.76,7,Y,390.08,1431.52,-1041.44
1374,2026-01-14,South,Walmart,Delivered,924,112,6,154.88,13.78,SKU-0112,Beauty Product 112, Beauty ,118.03,154.88,1,Y,915.5,708.1800000000001,207.32
1375,2026-03-23,Midwest,Shopify,Delivered,925,128,6,143.39,2.59,SKU-0128,Home Product 128,home,5.47,143.39,8,Y,857.7499999999999,32.82,824.9299999999998
1375,2026-03-23,Midwest,Shopify,Delivered,926,68,1,138.85,0.0,SKU-0068,Sports Product 68,Sports,23.97,138.85,6,N,138.85,23.97,114.88
1376,2026-02-12,East,Walmart,Delivered,927,54,4,256.14,0.0,SKU-0054,Pet Product 54,PET,163.43,256.14,2,N,1024.56,653.72,370.8399999999999
1376,2026-02-12,East,Walmart,Delivered,928,95,6,75.32,0.0,SKU-0095,Electronics Product 95,ELECTRONICS,71.34,75.32,6,Y,451.92,428.04,23.87999999999994
1376,2026-02-12,East,Walmart,Delivered,929,129,2,95.57,10.79,SKU-0129,Electronics Product 129,electronics,55.42,95.57,8,Y,180.35,110.84,69.50999999999999
1377,2026-02-15,South,Walmart,Backordered,930,142,3,192.45,8.6,SKU-0142,Electronics Product 142,electronics,95.73,192.45,8,N,568.7499999999999,287.19,281.5599999999999
1377,2026-02-15,South,Walmart,Backordered,931,73,7,134.83,0.0,SKU-0073,Sports Product 73,SPO,27.28,134.83,7,N,943.81,190.96,752.85
1378,2026-01-26,West,Walmart,Shipped,932,75,7,180.3,3.97,SKU-0075,Sports Product 75,sports,80.23,180.3,6,N,1258.13,561.61,696.5200000000001
1379,2026-04-16,Unknown,Shopify,Shipped,933,2,6,135.25,0.0,SKU-0002,Home Product 2,HOM,20.21,135.25,1,Y,811.5,121.26,690.24
1379,2026-04-16,Unknown,Shopify,Shipped,934,69,5,69.17,5.3,SKU-0069,Home Product 69, Home ,162.41,69.17,1,N,340.55,812.05,-471.5
1379,2026-04-16,Unknown,Shopify,Shipped,935,62,1,109.67,13.6,SKU-0062,Electronics Product 62,electronics,133.9,109.67,7,Unknown,96.07,133.9,-37.83
1379,2026-04-16,Unknown,Shopify,Shipped,936,9,1,235.32,0.0,SKU-0009,Home Product 9,Home,120.72,235.32,2,Unknown,235.32,120.72,114.6
1380,2026-04-11,Unknown,Amazon,Shipped,937,14,7,33.86,2.8,SKU-0014,Electronics Product 14,ELECTRONICS,75.2,33.86,6,N,234.22,526.4,-292.18
1380,2026-04-11,Unknown,Amazon,Shipped,938,45,7,184.44,0.0,SKU-0045,Home Product 45,HOM,48.09,184.44,2,N,1291.08,336.63,954.45
1380,2026-04-11,Unknown,Amazon,Shipped,939,112,4,154.88,0.0,SKU-0112,Beauty Product 112, Beauty ,118.03,154.88,1,Y,619.52,472.12,147.39999999999998
1380,2026-04-11,Unknown,Amazon,Shipped,940,130,2,193.14,9.84,SKU-0130,Beauty Product 130,BEAUTY,142.87,193.14,4,N,376.44,285.74,90.7
1381,2026-04-22,West,Shopify,Delivered,941,8,2,118.07,0.0,SKU-0008,Sports Product 8,SPO,159.95,118.07,4,N,236.14,319.9,-83.75999999999999
1381,2026-04-22,West,Shopify,Delivered,942,34,8,222.79,0.0,SKU-0034,Office Product 34, Office ,86.73,222.79,2,Y,1782.32,693.84,1088.48
1382,2026-01-14,East,Amazon,Cancelled,943,149,2,258.51,0.0,SKU-0149,Home Product 149,HOME,140.22,258.51,6,Unknown,517.02,280.44,236.58
1383,2026-01-26,Midwest,Amazon,Backordered,944,125,2,273.92,3.94,SKU-0125,Beauty Product 125,BEA,71.57,273.92,5,Unknown,543.9,143.14,400.76
1384,2026-01-09,South,Ebay,Delivered,945,140,1,86.93,0.0,SKU-0140,Electronics Product 140, Electronics ,20.41,86.93,2,Unknown,86.93,20.41,66.52000000000001
1384,2026-01-09,South,Ebay,Delivered,946,32,4,221.16,0.0,SKU-0032,Pet Product 32,pet,99.37,221.16,8,N,884.64,397.48,487.16
1384,2026-01-09,South,Ebay,Delivered,947,133,3,214.42,0.0,SKU-0133,Home Product 133, Home ,125.52,214.42,5,Y,643.26,376.56,266.7
1384,2026-01-09,South,Ebay,Delivered,948,30,4,35.23,0.0,SKU-0030,Beauty Product 30,BEA,43.54,35.23,1,N,140.92,174.16,-33.24000000000001
1385,2026-03-17,Midwest,Shopify,Backordered,949,132,7,240.9,0.0,SKU-0132,Toys Product 132,Toys,15.44,240.9,5,N,1686.3,108.08,1578.22
1385,2026-03-17,Midwest,Shopify,Backordered,950,45,4,184.44,0.0,SKU-0045,Home Product 45,HOM,48.09,184.44,2,N,737.76,192.36,545.4
1385,2026-03-17,Midwest,Shopify,Backordered,951,101,2,45.81,0.0,SKU-0101,Home Product 101,home,173.83,45.81,1,Y,91.62,347.66,-256.04
1385,2026-03-17,Midwest,Shopify,Backordered,952,43,4,277.03,14.35,SKU-0043,Electronics Product 43,ELECT,88.44,277.03,3,Y,1093.77,353.76,740.01
1386,2026-04-09,West,Shopify,Backordered,953,96,2,252.1,0.0,SKU-0096,Office Product 96,OFFICE,136.6,252.1,5,Unknown,504.2,273.2,231.0
1386,2026-04-09,West,Shopify,Backordered,954,131,5,57.46,0.0,SKU-0131,Home Product 131,HOM,44.34,57.46,5,Unknown,287.3,221.7,65.6
1386,2026-04-09,West,Shopify,Backordered,955,136,6,230.54,0.0,SKU-0136,Sports Product 136,SPO,12.04,230.54,8,Y,1383.24,72.24,1311.0
1387,2026-04-06,West,Ebay,Shipped,956,82,1,243.4,0.0,SKU-0082,Beauty Product 82,Beauty,84.88,243.4,6,Unknown,243.4,84.88,158.52
1388,2026-02-24,West,Shopify,Delivered,957,20,7,168.04,10.55,SKU-0020,Electronics Product 20,Electronics,124.3,168.04,5,Unknown,1165.73,870.1,295.63
1388,2026-02-24,West,Shopify,Delivered,958,82,6,243.4,0.0,SKU-0082,Beauty Product 82,Beauty,84.88,243.4,6,Unknown,1460.4,509.28,951.12
1388,2026-02-24,West,Shopify,Delivered,959,127,8,38.14,0.0,SKU-0127,Beauty Product 127,beauty,51.31,38.14,4,N,305.12,410.48,-105.36
1389,2026-01-06,Unknown,Amazon,Cancelled,960,119,5,27.97,2.83,SKU-0119,Electronics Product 119,ELECT,27.15,27.97,1,Y,137.01999999999998,135.75,1.2699999999999818
1390,2026-03-23,West,Walmart,Cancelled,961,127,1,38.14,6.51,SKU-0127,Beauty Product 127,beauty,51.31,38.14,4,N,31.630000000000003,51.31,-19.68
1390,2026-03-23,West,Walmart,Cancelled,962,127,2,38.14,0.0,SKU-0127,Beauty Product 127,beauty,51.31,38.14,4,N,76.28,102.62,-26.340000000000003
1390,2026-03-23,West,Walmart,Cancelled,963,8,4,118.07,0.0,SKU-0008,Sports Product 8,SPO,159.95,118.07,4,N,472.28,639.8,-167.51999999999998
1391,2026-01-02,South,Amazon,Shipped,964,29,1,33.25,0.0,SKU-0029,Pet Product 29,Pet,48.38,33.25,1,Y,33.25,48.38,-15.130000000000004
1392,2026-04-28,South,Shopify,Delivered,965,150,7,100.09,0.0,SKU-0150,Sports Product 150,Sports,54.5,100.09,8,Unknown,700.63,381.5,319.13
1392,2026-04-28,South,Shopify,Delivered,966,134,4,26.36,9.09,SKU-0134,Pet Product 134, Pet ,19.08,26.36,7,N,96.35,76.32,20.03
1393,2026-03-04,Unknown,Shopify,Shipped,967,20,2,168.04,0.0,SKU-0020,Electronics Product 20,Electronics,124.3,168.04,5,Unknown,336.08,248.6,87.47999999999999
1393,2026-03-04,Unknown,Shopify,Shipped,968,55,1,110.06,10.39,SKU-0055,Office Product 55,OFFICE,12.72,110.06,3,N,99.67,12.72,86.95
1394,2026-04-27,West,Shopify,Shipped,969,34,4,222.79,13.83,SKU-0034,Office Product 34, Office ,86.73,222.79,2,Y,877.3299999999999,346.92,530.4099999999999
1395,2026-02-12,West,Ebay,Shipped,970,38,8,256.88,0.0,SKU-0038,Electronics Product 38,Electronics,167.11,256.88,3,N,2055.04,1336.88,718.1599999999999
1396,2026-03-09,West,Amazon,Delivered,971,111,4,39.4,3.11,SKU 0111,Electronics Product 111,ELECT,170.91,39.4,7,N,154.48999999999998,683.64,-529.15
1396,2026-03-09,West,Amazon,Delivered,972,131,6,57.46,0.0,SKU-0131,Home Product 131,HOM,44.34,57.46,5,Unknown,344.76,266.04,78.71999999999997
1396,2026-03-09,West,Amazon,Delivered,973,95,2,75.32,1.69,SKU-0095,Electronics Product 95,ELECTRONICS,71.34,75.32,6,Y,148.95,142.68,6.269999999999982
1397,2026-04-21,West,Shopify,Delivered,974,29,4,33.25,0.0,SKU-0029,Pet Product 29,Pet,48.38,33.25,1,Y,133.0,193.52,-60.52000000000001
1397,2026-04-21,West,Shopify,Delivered,975,148,5,124.32,0.0,SKU 0148,Beauty Product 148, Beauty ,101.47,124.32,3,Unknown,621.5999999999999,507.35,114.24999999999989
1398,2026-03-10,East,Shopify,Backordered,976,89,5,126.0,0.0,SKU-0089,Electronics Product 89,electronics,150.76,126.0,1,Unknown,630.0,753.8,-123.79999999999995
1398,2026-03-10,East,Shopify,Backordered,977,1,2,84.79,3.59,SKU-0001,Home Product 1,Home,134.77,84.79,3,N,165.99,269.54,-103.55
1399,2026-04-27,Unknown,Amazon,Shipped,978,110,6,112.0,0.0,SKU-0110,Beauty Product 110,BEAUTY,144.62,112.0,5,Y,672.0,867.72,-195.72000000000003
1399,2026-04-27,Unknown,Amazon,Shipped,979,20,3,168.04,0.0,SKU-0020,Electronics Product 20,Electronics,124.3,168.04,5,Unknown,504.12,372.9,131.22000000000003
1399,2026-04-27,Unknown,Amazon,Shipped,980,91,8,170.65,9.16,SKU-0091,Office Product 91,OFF,135.82,170.65,4,N,1356.04,1086.56,269.48
1399,2026-04-27,Unknown,Amazon,Shipped,981,64,8,247.73,0.0,SKU-0064,Electronics Product 64, Electronics ,43.93,247.73,8,Y,1981.84,351.44,1630.4
1400,2026-01-26,South,Shopify,Cancelled,982,126,6,32.17,0.0,SKU-0126,Office Product 126,OFFICE,104.51,32.17,2,Unknown,193.02,627.0600000000001,-434.0400000000001
1400,2026-01-26,South,Shopify,Cancelled,983,125,5,273.92,0.0,SKU-0125,Beauty Product 125,BEA,71.57,273.92,5,Unknown,1369.6,357.85,1011.7500000000002
1400,2026-01-26,South,Shopify,Cancelled,984,91,5,170.65,10.94,SKU-0091,Office Product 91,OFF,135.82,170.65,4,N,842.31,679.0999999999999,163.21000000000004
1400,2026-01-26,South,Shopify,Cancelled,985,29,5,33.25,0.0,SKU-0029,Pet Product 29,Pet,48.38,33.25,1,Y,166.25,241.9,-75.65
1401,2026-02-22,East,Amazon,Shipped,986,28,5,206.43,13.28,SKU-0028,Beauty Product 28,BEAUTY,74.82,206.43,6,N,1018.87,374.1,644.7700000000002
1401,2026-02-22,East,Amazon,Shipped,987,135,3,41.03,0.0,SKU-0135,Kitchen Product 135,KIT,48.81,41.03,1,Unknown,123.09,146.43,-23.340000000000003
1401,2026-02-22,East,Amazon,Shipped,988,85,7,163.57,0.0,SKU-0085,Beauty Product 85,BEAUTY,139.02,163.57,4,Y,1144.99,973.14,171.8499999999999
1401,2026-02-22,East,Amazon,Shipped,989,80,4,84.54,0.0,SKU-0080,Beauty Product 80, Beauty ,91.52,84.54,1,Unknown,338.16,366.08,-27.91999999999996
1402,2026-01-03,East,Shopify,Backordered,990,39,5,129.3,0.0,SKU-0039,Pet Product 39, Pet ,42.41,129.3,1,N,646.5,212.05,434.4500000000001
1402,2026-01-03,East,Shopify,Backordered,991,78,8,71.75,0.0,SKU-0078,Beauty Product 78,BEAUTY,44.31,71.75,1,Y,574.0,354.48,219.52
1402,2026-01-03,East,Shopify,Backordered,992,4,8,94.28,0.0,SKU-0004,Office Product 4,office,83.61,94.28,1,Unknown,754.24,668.88,85.36000000000001
1402,2026-01-03,East,Shopify,Backordered,993,32,1,221.16,0.0,SKU-0032,Pet Product 32,pet,99.37,221.16,8,N,221.16,99.37,121.79
1403,2026-03-11,East,Shopify,Shipped,994,150,2,100.09,0.0,SKU-0150,Sports Product 150,Sports,54.5,100.09,8,Unknown,200.18,109.0,91.18
1403,2026-03-11,East,Shopify,Shipped,995,122,6,151.15,4.48,SKU-0122,Electronics Product 122,ELECTRONICS,169.69,151.15,2,N,902.42,1018.14,-115.71999999999991
1403,2026-03-11,East,Shopify,Shipped,996,109,7,257.52,0.0,SKU-0109,Office Product 109,OFFICE,10.02,257.52,3,N,1802.64,70.14,1732.4999999999998
1403,2026-03-11,East,Shopify,Shipped,997,67,5,291.56,0.0,SKU-0067,Kitchen Product 67,Kitchen,25.18,291.56,3,Y,1457.8,125.9,1331.9
1404,2026-04-17,South,Shopify,Delivered,998,22,5,159.69,8.93,SKU-0022,Sports Product 22,SPO,138.34,159.69,2,Unknown,789.5200000000001,691.7,97.82000000000004
1404,2026-04-17,South,Shopify,Delivered,999,140,3,86.93,6.26,SKU-0140,Electronics Product 140, Electronics ,20.41,86.93,2,Unknown,254.53000000000003,61.23,193.3
1404,2026-04-17,South,Shopify,Delivered,1000,25,3,265.23,0.0,SKU-0025,Sports Product 25,sports,15.14,265.23,2,Y,795.69,45.42,750.2700000000001
1405,2026-01-08,Midwest,Amazon,Delivered,1001,36,5,94.39,0.0,SKU-0036,Pet Product 36,pet,78.83,94.39,4,Unknown,471.95,394.15,77.80000000000001
1406,2026-04-14,Midwest,Amazon,Shipped,1002,14,2,33.86,0.0,SKU-0014,Electronics Product 14,ELECTRONICS,75.2,33.86,6,N,67.72,150.4,-82.68
1406,2026-04-14,Midwest,Amazon,Shipped,1003,86,2,81.83,12.51,SKU-0086,Pet Product 86,Pet,129.87,81.83,6,Y,151.15,259.74,-108.59
1406,2026-04-14,Midwest,Amazon,Shipped,1004,85,1,163.57,0.0,SKU-0085,Beauty Product 85,BEAUTY,139.02,163.57,4,Y,163.57,139.02,24.549999999999983
1406,2026-04-14,Midwest,Amazon,Shipped,1005,53,3,73.03,8.87,SKU-0053,Beauty Product 53,BEAUTY,81.27,73.03,5,Y,210.22,243.81,-33.59
1407,2026-02-21,West,Amazon,Delivered,1006,31,2,35.19,0.0,SKU-0031,Home Product 31,Home,155.44,35.19,4,Y,70.38,310.88,-240.5
1407,2026-02-21,West,Amazon,Delivered,1007,122,1,151.15,12.66,SKU-0122,Electronics Product 122,ELECTRONICS,169.69,151.15,2,N,138.49,169.69,-31.19999999999999
1408,2026-03-08,Midwest,Shopify,Delivered,1008,111,3,39.4,0.0,SKU 0111,Electronics Product 111,ELECT,170.91,39.4,7,N,118.2,512.73,-394.53
1409,2026-05-03,Unknown,Ebay,Cancelled,1009,127,6,38.14,10.35,SKU-0127,Beauty Product 127,beauty,51.31,38.14,4,N,218.49,307.86,-89.37
1410,2026-01-28,Midwest,Walmart,Backordered,1010,8,5,118.07,7.4,SKU-0008,Sports Product 8,SPO,159.95,118.07,4,N,582.9499999999999,799.75,-216.80000000000007
1410,2026-01-28,Midwest,Walmart,Backordered,1011,3,5,22.56,1.48,SKU-0003,Beauty Product 3,beauty,93.44,22.56,4,N,111.32,467.2,-355.88
1411,2026-04-02,East,Amazon,Delivered,1012,135,7,41.03,0.0,SKU-0135,Kitchen Product 135,KIT,48.81,41.03,1,Unknown,287.21000000000004,341.67,-54.45999999999998
1411,2026-04-02,East,Amazon,Delivered,1013,39,6,129.3,0.0,SKU-0039,Pet Product 39, Pet ,42.41,129.3,1,N,775.8000000000001,254.46,521.3400000000001
1411,2026-04-02,East,Amazon,Delivered,1014,118,3,84.02,0.0,SKU-0118,Beauty Product 118,BEAUTY,44.81,0.0,3,Y,252.06,134.43,117.63
1412,2026-05-10,South,Amazon,Shipped,1015,83,6,269.23,9.18,SKU-0083,Pet Product 83,PET,147.63,269.23,7,Unknown,1606.2,885.78,720.4200000000001
1412,2026-05-10,South,Amazon,Shipped,1016,18,1,60.59,0.0,SKU-0018,Electronics Product 18,Electronics,31.75,60.59,7,Y,60.59,31.75,28.840000000000003
1413,2026-01-27,Midwest,Shopify,Shipped,1017,17,1,299.3,0.0,SKU-0017,Office Product 17,OFFICE,43.38,299.3,8,Y,299.3,43.38,255.92
1413,2026-01-27,Midwest,Shopify,Shipped,1018,10,2,144.22,0.0,SKU-0010,Beauty Product 10,Beauty,71.52,144.22,6,N,288.44,143.04,145.4
1413,2026-01-27,Midwest,Shopify,Shipped,1019,8,3,118.07,5.5,SKU-0008,Sports Product 8,SPO,159.95,118.07,4,N,348.71,479.85,-131.14
1413,2026-01-27,Midwest,Shopify,Shipped,1020,97,3,168.73,0.0,SKU-0097,Home Product 97, Home ,8.39,168.73,6,N,506.19,25.17,481.0199999999999
1414,2026-02-19,West,Amazon,Delivered,1021,53,1,73.03,0.0,SKU-0053,Beauty Product 53,BEAUTY,81.27,73.03,5,Y,73.03,81.27,-8.239999999999995
1415,2026-02-23,West,Walmart,Delivered,1022,92,3,23.27,12.22,SKU-0092,Beauty Product 92,BEAUTY,81.27,23.27,6,N,57.59,243.81,-186.22
1415,2026-02-23,West,Walmart,Delivered,1023,110,7,112.0,0.0,SKU-0110,Beauty Product 110,BEAUTY,144.62,112.0,5,Y,784.0,1012.34,-228.34000000000003
1415,2026-02-23,West,Walmart,Delivered,1024,33,5,42.63,2.41,SKU-0033,Pet Product 33, Pet ,38.32,42.63,7,Y,210.74,191.6,19.14000000000001
1416,2026-04-02,South,Shopify,Delivered,1025,137,4,181.82,0.0,SKU-0137,Pet Product 137,PET,36.76,181.82,8,Y,727.28,147.04,580.24
1417,2026-01-08,Midwest,Ebay,Delivered,1026,52,6,59.3,0.0,SKU-0052,Home Product 52,Home,134.92,59.3,5,Y,355.79999999999995,809.52,-453.72
1417,2026-01-08,Midwest,Ebay,Delivered,1027,36,4,94.39,0.0,SKU-0036,Pet Product 36,pet,78.83,94.39,4,Unknown,377.56,315.32,62.24000000000001
1417,2026-01-08,Midwest,Ebay,Delivered,1028,16,4,168.61,0.0,SKU-0016,Toys Product 16,toys,135.37,168.61,7,Y,674.44,541.48,132.96000000000004
1418,2026-03-11,West,Amazon,Shipped,1029,128,4,143.39,10.1,SKU-0128,Home Product 128,home,5.47,143.39,8,Y,563.4599999999999,21.88,541.5799999999999
1419,2026-05-04,Midwest,Walmart,Delivered,1030,111,7,39.4,0.0,SKU 0111,Electronics Product 111,ELECT,170.91,39.4,7,N,275.8,1196.37,-920.57
1419,2026-05-04,Midwest,Walmart,Delivered,1031,113,2,84.34,0.0,SKU-0113,Sports Product 113,sports,75.77,84.34,6,N,168.68,151.54,17.140000000000015
1420,2026-01-03,Unknown,Walmart,Shipped,1032,4,4,94.28,0.0,SKU-0004,Office Product 4,office,83.61,94.28,1,Unknown,377.12,334.44,42.68000000000001
1421,2026-02-03,Midwest,Walmart,Delivered,1033,20,2,168.04,0.0,SKU-0020,Electronics Product 20,Electronics,124.3,168.04,5,Unknown,336.08,248.6,87.47999999999999
1422,2026-03-16,West,Shopify,Shipped,1034,82,2,243.4,1.76,SKU-0082,Beauty Product 82,Beauty,84.88,243.4,6,Unknown,485.04,169.76,315.28000000000003
1422,2026-03-16,West,Shopify,Shipped,1035,125,5,273.92,0.0,SKU-0125,Beauty Product 125,BEA,71.57,273.92,5,Unknown,1369.6,357.85,1011.7500000000002
1422,2026-03-16,West,Shopify,Shipped,1036,134,4,26.36,0.0,SKU-0134,Pet Product 134, Pet ,19.08,26.36,7,N,105.44,76.32,29.120000000000005
1423,2026-01-06,South,Amazon,Backordered,1037,99,5,50.97,0.0,SKU-0099,Electronics Product 99,ELECT,31.67,50.97,2,Y,254.85,158.35000000000002,96.49999999999996
1423,2026-01-06,South,Amazon,Backordered,1038,16,5,168.61,12.96,SKU-0016,Toys Product 16,toys,135.37,168.61,7,Y,830.09,676.85,153.24
1423,2026-01-06,South,Amazon,Backordered,1039,127,1,38.14,13.08,SKU-0127,Beauty Product 127,beauty,51.31,38.14,4,N,25.06,51.31,-26.25
1424,2026-01-09,West,Ebay,Delivered,1040,68,4,138.85,0.0,SKU-0068,Sports Product 68,Sports,23.97,138.85,6,N,555.4,95.88,459.52
1424,2026-01-09,West,Ebay,Delivered,1041,112,7,154.88,0.0,SKU-0112,Beauty Product 112, Beauty ,118.03,154.88,1,Y,1084.16,826.21,257.9499999999998
1424,2026-01-09,West,Ebay,Delivered,1042,28,7,206.43,0.0,SKU-0028,Beauty Product 28,BEAUTY,74.82,206.43,6,N,1445.01,523.74,921.27
1425,2026-04-08,East,Shopify,Backordered,1043,4,5,94.28,0.0,SKU-0004,Office Product 4,office,83.61,94.28,1,Unknown,471.4,418.05,53.349999999999966
1425,2026-04-08,East,Shopify,Backordered,1044,22,4,159.69,0.0,SKU-0022,Sports Product 22,SPO,138.34,159.69,2,Unknown,638.76,553.36,85.39999999999998
1426,2026-01-04,West,Ebay,Delivered,1045,68,3,138.85,0.0,SKU-0068,Sports Product 68,Sports,23.97,138.85,6,N,416.55,71.91,344.64
1426,2026-01-04,West,Ebay,Delivered,1046,113,1,84.34,0.0,SKU-0113,Sports Product 113,sports,75.77,84.34,6,N,84.34,75.77,8.570000000000007
1426,2026-01-04,West,Ebay,Delivered,1047,123,4,210.64,0.0,SKU-0123,Pet Product 123,Pet,105.98,210.64,3,N,842.56,423.92,418.63999999999993
1427,2026-03-08,East,Shopify,Backordered,1048,38,1,256.88,0.0,SKU-0038,Electronics Product 38,Electronics,167.11,256.88,3,N,256.88,167.11,89.76999999999998
1427,2026-03-08,East,Shopify,Backordered,1049,48,8,299.56,0.0,SKU-0048,Home Product 48,Home,85.2,299.56,2,Y,2396.48,681.6,1714.88
1428,2026-04-01,West,Shopify,Delivered,1050,90,2,115.25,2.08,SKU-0090,Office Product 90, Office ,6.03,115.25,7,Unknown,228.42,12.06,216.36
1428,2026-04-01,West,Shopify,Delivered,1051,29,2,33.25,0.0,SKU-0029,Pet Product 29,Pet,48.38,33.25,1,Y,66.5,96.76,-30.260000000000005
1429,2026-03-25,South,Ebay,Delivered,1052,96,8,252.1,0.0,SKU-0096,Office Product 96,OFFICE,136.6,252.1,5,Unknown,2016.8,1092.8,924.0
1429,2026-03-25,South,Ebay,Delivered,1053,8,3,118.07,0.0,SKU-0008,Sports Product 8,SPO,159.95,118.07,4,N,354.21,479.85,-125.64
1429,2026-03-25,South,Ebay,Delivered,1054,39,1,129.3,0.0,SKU-0039,Pet Product 39, Pet ,42.41,129.3,1,N,129.3,42.41,86.89000000000001
1429,2026-03-25,South,Ebay,Delivered,1055,81,6,244.17,14.16,SKU-0081,Home Product 81, Home ,43.3,244.17,8,Y,1450.86,259.79999999999995,1191.06
1430,2026-05-09,West,Shopify,Delivered,1056,138,2,106.5,0.0,SKU-0138,Pet Product 138,PET,76.46,106.5,2,Unknown,213.0,152.92,60.08000000000001
1430,2026-05-09,West,Shopify,Delivered,1057,121,8,151.43,0.0,SKU-0121,Electronics Product 121,ELECT,54.76,151.43,6,N,1211.44,438.08,773.3600000000001
1430,2026-05-09,West,Shopify,Delivered,1058,148,5,124.32,0.0,SKU 0148,Beauty Product 148, Beauty ,101.47,124.32,3,Unknown,621.5999999999999,507.35,114.24999999999989
1430,2026-05-09,West,Shopify,Delivered,1059,63,6,214.86,0.0,SKU-0063,Beauty Product 63,BEAUTY,32.86,214.86,7,Unknown,1289.16,197.16,1092.0
1431,2026-04-01,West,Amazon,Delivered,1060,124,4,48.76,7.29,SKU-0124,Sports Product 124,Sports,178.94,48.76,7,Y,187.75,715.76,-528.01
1431,2026-04-01,West,Amazon,Delivered,1061,59,3,232.91,4.43,SKU-0059,Sports Product 59,SPORTS,162.32,0.0,1,Y,694.3000000000001,486.96,207.3400000000001
1431,2026-04-01,West,Amazon,Delivered,1062,150,3,100.09,0.0,SKU-0150,Sports Product 150,Sports,54.5,100.09,8,Unknown,300.27,163.5,136.76999999999998
1432,2026-02-16,East,Amazon,Backordered,1063,108,5,143.48,11.72,SKU-0108,Beauty Product 108,Beauty,53.81,143.48,8,Y,705.68,269.05,436.63
1433,2026-04-10,East,Ebay,Backordered,1064,143,4,171.53,0.0,SKU-0143,Pet Product 143,Pet,40.62,171.53,5,N,686.12,162.48,523.64
1433,2026-04-10,East,Ebay,Backordered,1065,87,6,124.17,0.0,SKU-0087,Home Product 87,home,31.4,124.17,3,N,745.02,188.4,556.62
1433,2026-04-10,East,Ebay,Backordered,1066,12,2,61.57,0.0,SKU-0012,Toys Product 12,TOY,132.6,61.57,7,Y,123.14,265.2,-142.06
1433,2026-04-10,East,Ebay,Backordered,1067,115,7,80.7,9.83,SKU-0115,Pet Product 115,PET,58.66,80.7,4,Y,555.0699999999999,410.62,144.44999999999993
1434,2026-01-02,South,Amazon,Delivered,1068,98,6,285.64,0.0,SKU-0098,Home Product 98,Home,136.99,285.64,4,Unknown,1713.84,821.94,891.8999999999999
1434,2026-01-02,South,Amazon,Delivered,1069,25,4,265.23,0.0,SKU-0025,Sports Product 25,sports,15.14,265.23,2,Y,1060.92,60.56,1000.36
1434,2026-01-02,South,Amazon,Delivered,1070,13,7,236.16,4.99,SKU-0013,Beauty Product 13,BEAUTY,152.5,236.16,4,Unknown,1648.13,1067.5,580.6299999999999
1434,2026-01-02,South,Amazon,Delivered,1071,82,3,243.4,0.0,SKU-0082,Beauty Product 82,Beauty,84.88,243.4,6,Unknown,730.2,254.64,475.56000000000006
1435,2026-03-14,South,Amazon,Shipped,1072,125,8,273.92,0.0,SKU-0125,Beauty Product 125,BEA,71.57,273.92,5,Unknown,2191.36,572.56,1618.8000000000002
1435,2026-03-14,South,Amazon,Shipped,1073,74,5,130.73,0.0,SKU 0074,Toys Product 74,TOY,104.59,130.73,1,Y,653.65,522.95,130.69999999999993
1435,2026-03-14,South,Amazon,Shipped,1074,60,5,115.8,0.0,SKU-0060,Beauty Product 60,beauty,121.71,115.8,7,Y,579.0,608.55,-29.549999999999955
1436,2026-05-06,East,Ebay,Delivered,1075,147,7,133.41,0.0,SKU-0147,Sports Product 147,SPO,128.45,133.41,8,N,933.87,899.1499999999999,34.72000000000014
1436,2026-05-06,East,Ebay,Delivered,1076,117,5,293.33,0.0,SKU-0117,Pet Product 117,PET,131.8,293.33,5,Y,1466.65,659.0,807.6499999999999
1436,2026-05-06,East,Ebay,Delivered,1077,114,7,171.86,0.0,SKU-0114,Kitchen Product 114, Kitchen ,179.41,171.86,6,N,1203.02,1255.87,-52.84999999999991
1437,2026-03-25,South,Amazon,Shipped,1078,117,2,293.33,0.0,SKU-0117,Pet Product 117,PET,131.8,293.33,5,Y,586.66,263.6,323.05999999999995
1437,2026-03-25,South,Amazon,Shipped,1079,10,7,144.22,0.0,SKU-0010,Beauty Product 10,Beauty,71.52,144.22,6,N,1009.54,500.64,508.9
1437,2026-03-25,South,Amazon,Shipped,1080,49,1,280.98,0.0,SKU-0049,Beauty Product 49,BEA,51.41,280.98,2,N,280.98,51.41,229.57
1438,2026-05-01,East,Walmart,Shipped,1081,73,3,134.83,0.0,SKU-0073,Sports Product 73,SPO,27.28,134.83,7,N,404.49,81.84,322.65
1438,2026-05-01,East,Walmart,Shipped,1082,133,4,214.42,0.0,SKU-0133,Home Product 133, Home ,125.52,214.42,5,Y,857.68,502.08,355.6
1438,2026-05-01,East,Walmart,Shipped,1083,126,4,32.17,0.0,SKU-0126,Office Product 126,OFFICE,104.51,32.17,2,Unknown,128.68,418.04,-289.36
1438,2026-05-01,East,Walmart,Shipped,1084,108,5,143.48,0.0,SKU-0108,Beauty Product 108,Beauty,53.81,143.48,8,Y,717.4,269.05,448.35
1439,2026-05-05,Midwest,Shopify,Backordered,1085,140,8,86.93,0.0,SKU-0140,Electronics Product 140, Electronics ,20.41,86.93,2,Unknown,695.44,163.28,532.1600000000001
1439,2026-05-05,Midwest,Shopify,Backordered,1086,29,5,33.25,6.87,SKU-0029,Pet Product 29,Pet,48.38,33.25,1,Y,159.38,241.9,-82.52000000000001
1439,2026-05-05,Midwest,Shopify,Backordered,1087,84,4,150.28,0.0,SKU-0084,Pet Product 84,pet,135.14,150.28,5,Unknown,601.12,540.56,60.56000000000006
1440,2026-05-06,Unknown,Walmart,Delivered,1088,8,5,118.07,0.0,SKU-0008,Sports Product 8,SPO,159.95,118.07,4,N,590.3499999999999,799.75,-209.4000000000001
1440,2026-05-06,Unknown,Walmart,Delivered,1089,105,1,288.82,0.0,SKU-0105,Office Product 105, Office ,23.47,288.82,8,N,288.82,23.47,265.35
1441,2026-01-14,Unknown,Walmart,Cancelled,1090,87,1,124.17,5.32,SKU-0087,Home Product 87,home,31.4,124.17,3,N,118.85,31.4,87.44999999999999
1441,2026-01-14,Unknown,Walmart,Cancelled,1091,57,3,266.69,0.0,SKU-0057,Electronics Product 57,Electronics,18.17,266.69,3,Y,800.0699999999999,54.510000000000005,745.56
1442,2026-03-26,West,Amazon,Shipped,1092,6,7,256.54,0.0,SKU-0006,Home Product 6, Home ,21.93,256.54,5,Unknown,1795.7800000000002,153.51,1642.2700000000002
1443,2026-04-12,South,Shopify,Shipped,1093,96,6,252.1,0.0,SKU-0096,Office Product 96,OFFICE,136.6,252.1,5,Unknown,1512.6,819.5999999999999,693.0
1443,2026-04-12,South,Shopify,Shipped,1094,4,1,94.28,0.0,SKU-0004,Office Product 4,office,83.61,94.28,1,Unknown,94.28,83.61,10.670000000000002
1444,2026-01-09,West,Shopify,Cancelled,1095,103,3,241.92,0.0,SKU-0103,Sports Product 103,SPO,145.97,241.92,1,Y,725.76,437.91,287.85
1444,2026-01-09,West,Shopify,Cancelled,1096,22,2,159.69,2.03,SKU-0022,Sports Product 22,SPO,138.34,159.69,2,Unknown,317.35,276.68,40.670000000000016
1444,2026-01-09,West,Shopify,Cancelled,1097,6,1,256.54,0.0,SKU-0006,Home Product 6, Home ,21.93,256.54,5,Unknown,256.54,21.93,234.61
1444,2026-01-09,West,Shopify,Cancelled,1098,25,7,265.23,0.0,SKU-0025,Sports Product 25,sports,15.14,265.23,2,Y,1856.61,105.98,1750.63
1445,2026-04-19,West,Shopify,Delivered,1099,71,8,277.42,0.0,SKU-0071,Office Product 71,Office,171.05,277.42,6,N,2219.36,1368.4,850.96
1445,2026-04-19,West,Shopify,Delivered,1100,148,8,124.32,6.27,SKU 0148,Beauty Product 148, Beauty ,101.47,124.32,3,Unknown,988.29,811.76,176.52999999999997
1445,2026-04-19,West,Shopify,Delivered,1101,24,4,20.55,0.0,SKU-0024,Electronics Product 24,ELECT,61.73,20.55,6,Unknown,82.2,246.92,-164.71999999999997
1446,2026-01-28,West,Shopify,Backordered,1102,102,4,71.52,7.26,SKU-0102,Office Product 102, Office ,169.76,71.52,4,Y,278.82,679.04,-400.22
1447,2026-02-13,West,Walmart,Shipped,1103,22,3,159.69,6.64,SKU-0022,Sports Product 22,SPO,138.34,159.69,2,Unknown,472.43,415.02,57.410000000000025
1447,2026-02-13,West,Walmart,Shipped,1104,134,4,26.36,1.83,SKU-0134,Pet Product 134, Pet ,19.08,26.36,7,N,103.61,76.32,27.290000000000006
1448,2026-04-15,Unknown,Ebay,Delivered,1105,144,8,194.56,0.0,SKU-0144,Pet Product 144,Pet,10.05,194.56,4,N,1556.48,80.4,1476.08
1448,2026-04-15,Unknown,Ebay,Delivered,1106,61,6,293.22,7.46,SKU-0061,Toys Product 61,toys,156.31,293.22,3,N,1751.86,937.86,814.0000000000001
1449,2026-01-04,Unknown,Amazon,Shipped,1107,43,4,277.03,0.0,SKU-0043,Electronics Product 43,ELECT,88.44,277.03,3,Y,1108.12,353.76,754.3599999999999
1450,2026-04-18,South,Amazon,Backordered,1108,112,5,154.88,0.0,SKU-0112,Beauty Product 112, Beauty ,118.03,154.88,1,Y,774.4,590.15,184.25
